Species,nat_loc
Ligustrum vulgare,"Albania, Austria, Belgium, Bulgaria, Czechoslovakia, Denmark, France, Germany, GreatBritain, Greece, Hungary, Iran, Ireland, Italy, Krym, Morocco, Netherlands, NorthCaucasus, Norway, Poland, Portugal, Romania, Spain, Sweden, Switzerland, Transcaucasus, Turkey, Turkey-in-Europe, Ukraine, Yugoslavia"
Cytisus scoparius,"Austria, BalticStates, Belarus, Belgium, CentralEuropeanRus, Corse, Czechoslovakia, Denmark, France, Germany, GreatBritain, Greece, Hungary, Ireland, Italy, Netherlands, NorthwestEuropeanR, Norway, Poland, Portugal, Romania, Sardegna, Sicilia, Spain, Sweden, Switzerland, Ukraine, Yugoslavia"
Phalaris arundinacea,"Afghanistan, Alabama, Alaska, Albania, Alberta, Altay, Amur, Arizona, Arkansas, Austria, BalticStates, Belarus, Belgium, BritishColumbia, Bulgaria, Buryatiya, California, CentralEuropeanRus, ChinaNorth-Central, ChinaSouth-Central, ChinaSoutheast, Chita, Colorado, Connecticut, Corse, Czechoslovakia, Delaware, Denmark, DistrictofColumbia, EastEuropeanRussia, EastHimalaya, Ethiopia, Finland, France, Føroyar, Germany, GreatBritain, Greece, Hungary, Illinois, Indiana, InnerMongolia, Iowa, Iran, Iraq, Ireland, Irkutsk, Italy, Japan, Kamchatka, Kansas, Kazakhstan, Kentucky, Kenya, Khabarovsk, Kirgizstan, Korea, Krasnoyarsk, Krym, KurilIs., Lebanon-Syria, Madagascar, Magadan, Maine, Manchuria, Manitoba, Maryland, Massachusetts, MexicoNortheast, MexicoNorthwest, Michigan, Minnesota, Missouri, Mongolia, Montana, Myanmar, Nebraska, Nepal, Netherlands, Nevada, NewBrunswick, NewHampshire, NewJersey, NewMexico, NewYork, Newfoundland, NorthCarolina, NorthCaucasus, NorthDakota, NorthEuropeanRussi, NorthwestEuropeanR, NorthwestTerritorie, Norway, NovaScotia, Ohio, Oklahoma, Ontario, Oregon, Pakistan, Pennsylvania, Poland, Portugal, Primorye, PrinceEdwardI., Qinghai, Québec, RhodeI., Romania, Rwanda, Sakhalin, Sardegna, Saskatchewan, SouthDakota, SouthEuropeanRussi, Spain, SriLanka, Sweden, Switzerland, Tadzhikistan, Taiwan, Tanzania, Tennessee, Transcaucasus, Turkey, Turkey-in-Europe, Tuva, Ukraine, Utah, Uzbekistan, Vermont, Vietnam, Virginia, Washington, WestHimalaya, WestSiberia, WestVirginia, Wisconsin, Wyoming, Xinjiang, Yakutskiya, Yugoslavia, Yukon"
Agrostis capillaris,"Afghanistan, Albania, Altay, Austria, BalticStates, Belarus, Belgium, Bulgaria, Buryatiya, CentralEuropeanRus, ChinaNorth-Central, ChinaSoutheast, Corse, Czechoslovakia, Denmark, EastEuropeanRussia, Finland, France, Føroyar, Germany, GreatBritain, Greece, Hungary, Iceland, InnerMongolia, Iran, Ireland, Irkutsk, Italy, Kazakhstan, Krasnoyarsk, Krym, Netherlands, NorthCaucasus, NorthEuropeanRussi, NorthwestEuropeanR, Norway, Poland, Portugal, Romania, SouthEuropeanRussi, Spain, Sweden, Switzerland, Transcaucasus, Turkey, Ukraine, WestSiberia, Xinjiang, Yugoslavia"
Avena fatua,"Afghanistan, Albania, Algeria, Altay, Austria, Azores, Baleares, BalticStates, Bangladesh, Belarus, Belgium, Bulgaria, CanaryIs., CapeVerde, CentralEuropeanRus, ChinaNorth-Central, ChinaSouth-Central, ChinaSoutheast, Corse, Czechoslovakia, Denmark, EastEuropeanRussia, EastHimalaya, Egypt, Finland, France, Germany, GreatBritain, Greece, GulfStates, Hungary, India, InnerMongolia, Iran, Iraq, Ireland, Irkutsk, Italy, Kazakhstan, Kirgizstan, Krasnoyarsk, Krym, Kuwait, Lebanon-Syria, Libya, Madeira, Manchuria, Mongolia, Morocco, Nepal, Netherlands, NorthCaucasus, NorthEuropeanRussi, NorthwestEuropeanR, Norway, Oman, Pakistan, Palestine, Poland, Portugal, Qinghai, Romania, Sardegna, SaudiArabia, Sicilia, Sinai, SouthEuropeanRussi, Spain, SriLanka, Sweden, Switzerland, Tadzhikistan, Taiwan, Tibet, Transcaucasus, Tunisia, Turkey, Turkey-in-Europe, Turkmenistan, Tuva, Ukraine, Uzbekistan, WestHimalaya, WestSiberia, Xinjiang, Yemen, Yugoslavia"
Persicaria hydropiper,"Afghanistan, Albania, Algeria, Altay, Amur, AndamanIs., Assam, Austria, Azores, BalticStates, Bangladesh, Belarus, Belgium, Bulgaria, Buryatiya, CentralEuropeanRus, ChinaSouth-Central, ChinaSoutheast, Chita, Corse, Czechoslovakia, Denmark, EastEuropeanRussia, EastHimalaya, Finland, France, Germany, GreatBritain, Greece, Hainan, Hungary, India, InnerMongolia, Iran, Ireland, Irkutsk, Italy, Japan, Jawa, Kazakhstan, Khabarovsk, Kirgizstan, Korea, Krasnoyarsk, Krym, KurilIs., Madeira, Malaya, Manchuria, Mongolia, Morocco, Myanmar, Nepal, Netherlands, NicobarIs., NorthCaucasus, NorthEuropeanRussi, NorthwestEuropeanR, Norway, Ogasawara-shoto, Pakistan, Philippines, Poland, Portugal, Primorye, Qinghai, Romania, Sakhalin, Sardegna, Sicilia, SouthEuropeanRussi, Spain, SriLanka, Sumatera, Sweden, Switzerland, Tadzhikistan, Taiwan, Thailand, Tibet, Transcaucasus, Turkey, Turkey-in-Europe, Tuva, Ukraine, Uzbekistan, Vietnam, WestHimalaya, WestSiberia, Xinjiang, Yugoslavia"
Hypericum perforatum,"Afghanistan, Albania, Algeria, Altay, Austria, Azores, Baleares, BalticStates, Belarus, Belgium, Bulgaria, CanaryIs., CentralEuropeanRus, ChinaNorth-Central, ChinaSouth-Central, ChinaSoutheast, Corse, Cyprus, Czechoslovakia, Denmark, EastAegeanIs., EastEuropeanRussia, Finland, France, Germany, GreatBritain, Greece, Hungary, Iran, Iraq, Ireland, Italy, Kazakhstan, Kirgizstan, Krasnoyarsk, Kriti, Krym, Lebanon-Syria, Madeira, Morocco, Netherlands, NorthCaucasus, NorthwestEuropeanR, Norway, Pakistan, Palestine, Poland, Portugal, Qinghai, Romania, Sardegna, SaudiArabia, Sicilia, SouthEuropeanRussi, Spain, Sudan, Sweden, Switzerland, Tadzhikistan, Transcaucasus, Tunisia, Turkey, Turkey-in-Europe, Turkmenistan, Ukraine, Uzbekistan, WestHimalaya, WestSiberia, Xinjiang, Yugoslavia"
Malva sylvestris,"Afghanistan, Albania, Algeria, Altay, Austria, Azores, Baleares, BalticStates, Belarus, Belgium, Bulgaria, CentralEuropeanRus, Corse, Cyprus, Czechoslovakia, Denmark, EastAegeanIs., EastEuropeanRussia, Egypt, Finland, France, Germany, GreatBritain, Greece, Hungary, Iran, Iraq, Ireland, Italy, Kazakhstan, Kirgizstan, Kriti, Krym, Lebanon-Syria, Libya, Madeira, Morocco, Netherlands, NorthCaucasus, NorthEuropeanRussi, NorthwestEuropeanR, Norway, Palestine, Poland, Portugal, Romania, Sardegna, Sicilia, Sinai, SouthEuropeanRussi, Spain, Sweden, Switzerland, Tadzhikistan, Tibet, Transcaucasus, Tunisia, Turkey, Turkey-in-Europe, Turkmenistan, Ukraine, Uzbekistan, WestHimalaya, Yugoslavia"
Mentha aquatica,"Albania, Algeria, Angola, Austria, Azores, Baleares, BalticStates, Belarus, Belgium, Botswana, Bulgaria, CapeProvinces, CentralEuropeanRus, Corse, Cyprus, Czechoslovakia, Denmark, Ethiopia, Finland, France, FreeState, Føroyar, Germany, GreatBritain, Greece, Hungary, Iran, Ireland, Italy, Kenya, Krasnoyarsk, Kriti, Krym, KwaZulu-Natal, Lebanon-Syria, Lesotho, Libya, Madeira, Malawi, Mongolia, Morocco, Netherlands, NorthCaucasus, NorthernProvinces, NorthwestEuropeanR, Norway, Palestine, Poland, Portugal, Romania, Rwanda, Sardegna, Sicilia, SouthEuropeanRussi, Spain, Swaziland, Sweden, Switzerland, Tanzania, Transcaucasus, Tunisia, Turkey, Turkey-in-Europe, Uganda, Ukraine, WestSiberia, Yugoslavia, Zambia"
Matricaria chamomilla,"Afghanistan, Albania, Algeria, Altay, Austria, Azores, Belarus, Belgium, Bulgaria, Buryatiya, CanaryIs., CentralEuropeanRus, ChinaNorth-Central, ChinaSouth-Central, ChinaSoutheast, Cyprus, Czechoslovakia, Denmark, EastAegeanIs., EastEuropeanRussia, Egypt, Finland, France, Germany, GreatBritain, Greece, Hungary, India, Iran, Iraq, Irkutsk, Italy, Kazakhstan, Kirgizstan, Korea, Krasnoyarsk, Kriti, Krym, Lebanon-Syria, Manchuria, Mongolia, Morocco, Myanmar, Netherlands, NorthCaucasus, NorthwestEuropeanR, Norway, Pakistan, Palestine, Portugal, Romania, Sardegna, Sicilia, Sinai, SouthEuropeanRussi, Spain, Sweden, Switzerland, Tadzhikistan, Transcaucasus, Turkey, Turkey-in-Europe, Tuva, Ukraine, Uzbekistan, Vietnam, WestHimalaya, WestSiberia, Xinjiang, Yakutskiya, Yugoslavia"
Cirsium arvense,"Afghanistan, Albania, Algeria, Altay, Amur, Assam, Austria, Azores, Baleares, BalticStates, Bangladesh, Belarus, Belgium, Bulgaria, Buryatiya, CentralEuropeanRus, ChinaNorth-Central, ChinaSouth-Central, ChinaSoutheast, Corse, Cyprus, Czechoslovakia, Denmark, EastEuropeanRussia, Finland, France, Føroyar, Germany, GreatBritain, Greece, Hungary, India, InnerMongolia, Iran, Iraq, Ireland, Italy, Japan, Kamchatka, Kazakhstan, Khabarovsk, Kirgizstan, Korea, Krasnoyarsk, Krym, KurilIs., Lebanon-Syria, Magadan, Manchuria, Mongolia, Nepal, Netherlands, NorthCaucasus, NorthEuropeanRussi, NorthwestEuropeanR, Norway, Pakistan, Palestine, Poland, Portugal, Primorye, Qinghai, Romania, Sakhalin, Sardegna, Sicilia, Sinai, SouthEuropeanRussi, Spain, Sweden, Switzerland, Tadzhikistan, Tibet, Transcaucasus, Turkey, Turkey-in-Europe, Turkmenistan, Tuva, Ukraine, Uzbekistan, WestHimalaya, WestSiberia, Xinjiang, Yugoslavia"
Tripleurospermum inodorum,"Albania, Altay, Austria, BalticStates, Belarus, Belgium, Bulgaria, Buryatiya, CanaryIs., CentralEuropeanRus, Chita, Cyprus, Czechoslovakia, Denmark, EastEuropeanRussia, Finland, France, Germany, GreatBritain, Greece, Hungary, Ireland, Irkutsk, Italy, Kazakhstan, Kirgizstan, Krasnoyarsk, Krym, Netherlands, NorthCaucasus, NorthEuropeanRussi, NorthwestEuropeanR, Norway, Poland, Portugal, Romania, Sardegna, SouthEuropeanRussi, Spain, Sweden, Switzerland, Tadzhikistan, Transcaucasus, Turkey, Turkey-in-Europe, Tuva, Ukraine, Uzbekistan, WestSiberia, Xinjiang, Yugoslavia"
Plantago coronopus,"Afghanistan, Albania, Algeria, Azores, Baleares, Belgium, Bulgaria, CanaryIs., Corse, Denmark, EastAegeanIs., Egypt, Eritrea, Finland, France, Germany, GreatBritain, Greece, Iran, Iraq, Ireland, Italy, Kriti, Krym, Kuwait, Lebanon-Syria, Libya, Madeira, Morocco, Netherlands, NorthCaucasus, Pakistan, Poland, Portugal, Romania, Sardegna, SaudiArabia, Selvagens, Sicilia, Spain, Sweden, Tadzhikistan, Tunisia, Turkey, Turkey-in-Europe, Turkmenistan, Uzbekistan, WesternSahara, Yugoslavia"
Symphytum officinale,"Altay, Austria, Belarus, Belgium, Bulgaria, CentralEuropeanRus, Czechoslovakia, EastEuropeanRussia, France, Germany, GreatBritain, Hungary, Italy, Kazakhstan, Krym, Netherlands, NorthCaucasus, NorthwestEuropeanR, Poland, Romania, Sardegna, Sicilia, SouthEuropeanRussi, Spain, Switzerland, Turkey, Turkey-in-Europe, Ukraine, WestSiberia, Yugoslavia"
Anthoxanthum odoratum,"Albania, Algeria, Austria, Azores, Baleares, BalticStates, Belarus, Belgium, Bulgaria, Buryatiya, CanaryIs., CentralEuropeanRus, Corse, Czechoslovakia, Denmark, EastAegeanIs., EastEuropeanRussia, Finland, France, Føroyar, Germany, GreatBritain, Greece, Hungary, Iceland, Ireland, Italy, Kazakhstan, Kirgizstan, Kriti, Krym, Lebanon-Syria, Madeira, Mongolia, Morocco, Netherlands, NorthCaucasus, NorthEuropeanRussi, NorthwestEuropeanR, Norway, Poland, Portugal, Romania, Sardegna, Sicilia, SouthEuropeanRussi, Spain, Sweden, Switzerland, Transcaucasus, Tunisia, Turkey, Turkey-in-Europe, Ukraine, WestSiberia, Yugoslavia"
Alopecurus myosuroides,"Afghanistan, Albania, Algeria, Assam, Belgium, Bulgaria, Corse, Cyprus, EastAegeanIs., Egypt, France, GreatBritain, Greece, Iran, Iraq, Italy, Kazakhstan, Kirgizstan, Kriti, Krym, Lebanon-Syria, Libya, Netherlands, NorthCaucasus, Pakistan, Palestine, Portugal, Romania, SaudiArabia, Sicilia, SouthEuropeanRussi, Spain, Tadzhikistan, Transcaucasus, Tunisia, Turkey, Turkey-in-Europe, Turkmenistan, Uzbekistan, WestHimalaya, Yugoslavia"
Clematis vitalba,"Afghanistan, Albania, Algeria, Austria, Belgium, Bulgaria, Corse, Czechoslovakia, France, Germany, GreatBritain, Greece, Hungary, Iran, Italy, Kriti, Krym, Laos, Lebanon-Syria, Morocco, Netherlands, NorthCaucasus, Portugal, Romania, Sardegna, Sicilia, Spain, Switzerland, Transcaucasus, Turkey, Turkey-in-Europe, Ukraine, Yugoslavia"
Myosotis scorpioides,"Afghanistan, Altay, Austria, BalticStates, Belarus, Belgium, Buryatiya, CentralEuropeanRus, Czechoslovakia, Denmark, EastEuropeanRussia, Finland, France, Føroyar, Germany, GreatBritain, Hungary, Iceland, Iran, Iraq, Ireland, Irkutsk, Italy, Kazakhstan, Kirgizstan, Krasnoyarsk, Krym, Mongolia, Netherlands, NorthCaucasus, NorthEuropeanRussi, NorthwestEuropeanR, Norway, Pakistan, Poland, Romania, Sardegna, SouthEuropeanRussi, Spain, Sweden, Switzerland, Transcaucasus, Tuva, Ukraine, WestHimalaya, WestSiberia, Yakutskiya, Yugoslavia"
Crataegus monogyna,"Albania, Algeria, Austria, Baleares, BalticStates, Belarus, Belgium, Bulgaria, CentralEuropeanRus, Corse, Cyprus, Czechoslovakia, Denmark, EastAegeanIs., EastEuropeanRussia, Finland, France, Germany, GreatBritain, Greece, Hungary, Iraq, Ireland, Italy, Kriti, Krym, Lebanon-Syria, Libya, Morocco, Netherlands, NorthCaucasus, Norway, Palestine, Poland, Portugal, Romania, Sardegna, Sicilia, Sinai, Spain, Sweden, Switzerland, Transcaucasus, Tunisia, Turkey, Turkey-in-Europe, Ukraine, Yugoslavia"
Tanacetum vulgare,"Albania, Altay, Amur, Austria, BalticStates, Belarus, Belgium, Bulgaria, Buryatiya, CentralEuropeanRus, Chita, Corse, Czechoslovakia, Denmark, EastEuropeanRussia, Finland, France, Germany, GreatBritain, Greece, Hungary, InnerMongolia, Irkutsk, Italy, Japan, Kamchatka, Kazakhstan, Khabarovsk, Kirgizstan, Korea, Krasnoyarsk, Krym, KurilIs., Magadan, Manchuria, Mongolia, Netherlands, NorthCaucasus, NorthEuropeanRussi, NorthwestEuropeanR, Norway, Poland, Portugal, Primorye, Romania, Sakhalin, Sicilia, SouthEuropeanRussi, Spain, Sweden, Switzerland, Transcaucasus, Turkey, Turkey-in-Europe, Tuva, Ukraine, WestSiberia, Xinjiang, Yakutskiya, Yugoslavia"
Pinus pinaster,"Algeria, Baleares, Corse, France, Italy, Morocco, Portugal, Sardegna, Sicilia, Spain, Tunisia"
Ulex europaeus,"Belgium, Corse, France, Germany, GreatBritain, Ireland, Italy, Madeira, Netherlands, Portugal, Spain, Switzerland"
Miconia calvescens,"ArgentinaNortheast, ArgentinaNorthwest, Belize, Bolivia, BrazilNorth, BrazilNortheast, BrazilSouth, BrazilSoutheast, BrazilWest-Central, Colombia, CostaRica, Ecuador, Guatemala, Honduras, MexicoGulf, MexicoSoutheast, MexicoSouthwest, Nicaragua, Panamá, Paraguay, Peru"
Geranium robertianum,"Albania, Algeria, Altay, Austria, Azores, BalticStates, Belarus, Belgium, BritishColumbia, Bulgaria, California, CanaryIs., CentralEuropeanRus, ChinaSouth-Central, ChinaSoutheast, Connecticut, Corse, Cyprus, Czechoslovakia, Delaware, Denmark, EastEuropeanRussia, EastHimalaya, Ethiopia, Finland, France, Germany, GreatBritain, Greece, Hungary, Indiana, Iran, Ireland, Italy, Kazakhstan, Kirgizstan, Kriti, Krym, Lebanon-Syria, Libya, Madeira, Maine, Manitoba, Maryland, Massachusetts, Michigan, Minnesota, Missouri, Montana, Morocco, Nepal, Netherlands, NewBrunswick, NewHampshire, NewJersey, Newfoundland, NorthCaucasus, NorthEuropeanRussi, NorthwestEuropeanR, Norway, NovaScotia, Ohio, Ontario, Oregon, Pakistan, Pennsylvania, Poland, Portugal, PrinceEdwardI., Québec, RhodeI., Romania, Sardegna, SaudiArabia, Sicilia, SouthEuropeanRussi, Spain, Sweden, Switzerland, Tadzhikistan, Tibet, Transcaucasus, Tunisia, Turkey-in-Europe, Turkmenistan, Ukraine, Uzbekistan, Vermont, Virginia, Washington, WestSiberia, WestVirginia, Wisconsin, Yemen, Yugoslavia"
Jacobaea vulgaris,"Albania, Altay, Austria, BalticStates, Belarus, Belgium, Bulgaria, Buryatiya, CentralEuropeanRus, ChinaSoutheast, Chita, Czechoslovakia, Denmark, EastEuropeanRussia, Finland, France, Germany, GreatBritain, Greece, Hungary, Ireland, Irkutsk, Italy, Kazakhstan, Kirgizstan, Krasnoyarsk, Krym, Mongolia, Morocco, Netherlands, NorthCaucasus, NorthEuropeanRussi, NorthwestEuropeanR, Norway, Poland, Portugal, Romania, SouthEuropeanRussi, Spain, Sweden, Switzerland, Tadzhikistan, Transcaucasus, Turkey, Tuva, Ukraine, Uzbekistan, WestSiberia, Xinjiang, Yakutskiya, Yugoslavia"
Calystegia sepium spp. sepium,"Afghanistan, Albania, Algeria, Altay, Austria, Azores, Baleares, BalticStates, Belarus, Belgium, Bulgaria, CentralEuropeanRus, Corse, Cyprus, Czechoslovakia, Denmark, EastAegeanIs., EastEuropeanRussia, Finland, France, Germany, GreatBritain, Greece, Hungary, Iran, Ireland, Italy, Kazakhstan, Kirgizstan, Krasnoyarsk, Kriti, Krym, Lebanon-Syria, Madeira, Morocco, Netherlands, NorthCaucasus, NorthwestEuropeanR, Norway, Palestine, Poland, Portugal, Romania, Sardegna, Sicilia, SouthEuropeanRussi, Spain, Sweden, Switzerland, Tadzhikistan, Transcaucasus, Tunisia, Turkey, Turkey-in-Europe, Turkmenistan, Ukraine, Uzbekistan, WestSiberia, Xinjiang, Yugoslavia"
Sonchus arvensis,"Albania, Altay, Amur, Austria, BalticStates, Belarus, Belgium, Bulgaria, Buryatiya, CentralEuropeanRus, Chita, Czechoslovakia, Denmark, EastAegeanIs., EastEuropeanRussia, Finland, France, Føroyar, Germany, GreatBritain, Greece, Hungary, Ireland, Irkutsk, Italy, Kamchatka, Kazakhstan, Khabarovsk, Kirgizstan, Krasnoyarsk, Krym, KurilIs., Magadan, Mongolia, Netherlands, NorthCaucasus, NorthEuropeanRussi, NorthwestEuropeanR, Norway, Oman, Poland, Primorye, Romania, Sakhalin, Sardegna, Sicilia, SouthEuropeanRussi, Spain, Sweden, Switzerland, Tadzhikistan, Transcaucasus, Turkey, Turkey-in-Europe, Tuva, Ukraine, Uzbekistan, WestSiberia, Yakutskiya, Yugoslavia"
Bromus hordeaceus,"Albania, Algeria, Altay, Austria, Azores, Baleares, BalticStates, Belarus, Belgium, Bulgaria, Buryatiya, CanaryIs., CentralEuropeanRus, ChinaNorth-Central, Chita, Corse, Cyprus, Czechoslovakia, Denmark, EastAegeanIs., EastEuropeanRussia, EastHimalaya, Egypt, Finland, France, Germany, GreatBritain, Greece, Hungary, Ireland, Irkutsk, Italy, Kazakhstan, Kirgizstan, Krasnoyarsk, Kriti, Krym, Lebanon-Syria, Libya, Madeira, Morocco, Netherlands, NorthCaucasus, NorthwestEuropeanR, Norway, Pakistan, Poland, Portugal, Primorye, Qinghai, Romania, Sakhalin, Sardegna, Sicilia, SouthEuropeanRussi, Spain, Sweden, Switzerland, Tadzhikistan, Transcaucasus, Tunisia, Turkey, Turkey-in-Europe, Turkmenistan, Tuva, Ukraine, Uzbekistan, WestHimalaya, WestSiberia, Xinjiang, Yakutskiya, Yugoslavia"
Acer platanoides,"Afghanistan, Albania, Austria, BalticStates, Belarus, Belgium, Bulgaria, CentralEuropeanRus, Czechoslovakia, EastEuropeanRussia, Finland, France, Germany, Greece, Hungary, Iran, Italy, Kirgizstan, Krym, NorthCaucasus, Norway, Pakistan, Poland, Romania, SouthEuropeanRussi, Spain, Sweden, Switzerland, Tadzhikistan, Transcaucasus, Turkey, Turkey-in-Europe, Ukraine, Uzbekistan, Yugoslavia"
Vicia cracca,"Afghanistan, Albania, Altay, Amur, Austria, BalticStates, Belarus, Belgium, Bulgaria, Buryatiya, CentralEuropeanRus, ChinaNorth-Central, ChinaSouth-Central, ChinaSoutheast, Chita, Corse, Czechoslovakia, Denmark, EastAegeanIs., EastEuropeanRussia, Finland, France, Føroyar, Germany, GreatBritain, Greece, Hungary, Iceland, InnerMongolia, Iran, Ireland, Irkutsk, Italy, Japan, Kamchatka, Kazakhstan, Khabarovsk, Kirgizstan, Korea, Krasnoyarsk, Krym, KurilIs., Lebanon-Syria, Magadan, Manchuria, Mongolia, Netherlands, NorthCaucasus, NorthEuropeanRussi, NorthwestEuropeanR, Norway, Pakistan, Poland, Primorye, Romania, Sakhalin, Sardegna, Sicilia, SouthEuropeanRussi, Spain, Sweden, Switzerland, Taiwan, Tibet, Turkey, Turkey-in-Europe, Tuva, Ukraine, WestSiberia, Xinjiang, Yakutskiya, Yugoslavia"
Bolboschoenus maritimus,"Afghanistan, Alaska, Albania, Alberta, Altay, Amur, ArgentinaNortheast, ArgentinaNorthwest, ArgentinaSouth, Arizona, Assam, Austria, Azores, Baleares, BalticStates, Bangladesh, Belarus, Belgium, BrazilSouth, BritishColumbia, Bulgaria, California, Cambodia, CapeProvinces, CapeVerde, CentralEuropeanRus, Chad, ChileCentral, ChinaNorth-Central, Chita, Colombia, Colorado, Connecticut, Corse, Cuba, Cyprus, Czechoslovakia, Denmark, EastAegeanIs., EastEuropeanRussia, Finland, France, Germany, GreatBritain, Greece, GulfStates, Hawaii, Hungary, Idaho, Illinois, India, InnerMongolia, Iowa, Iran, Ireland, Italy, Kansas, Kazakhstan, Khabarovsk, Kirgizstan, Korea, Kriti, Krym, Kuwait, Laos, Louisiana, Madeira, Maine, Manitoba, Massachusetts, MexicoCentral, MexicoNorthwest, MexicoSouthwest, Michigan, Minnesota, Missouri, Mongolia, Montana, Nansei-shoto, Nebraska, Netherlands, Nevada, NewBrunswick, NewHampshire, NewJersey, NewMexico, NewYork, NorthCaucasus, NorthDakota, NorthEuropeanRussi, NorthwestEuropeanR, NorthwestTerritorie, Norway, NovaScotia, Ohio, Oklahoma, Oman, Ontario, Oregon, Pakistan, Peru, Poland, Portugal, Primorye, PrinceEdwardI., Qinghai, Québec, RhodeI., Romania, Sardegna, Saskatchewan, SaudiArabia, Sicilia, SouthDakota, SouthEuropeanRussi, Spain, Sudan, Suriname, Sweden, Switzerland, Taiwan, Texas, Thailand, Tibet, Transcaucasus, Turkey, Turkey-in-Europe, Turkmenistan, Ukraine, Utah, Uzbekistan, Vietnam, Virginia, Washington, WestSiberia, Wyoming, Xinjiang, Yugoslavia"
Alnus glutinosa,"Albania, Algeria, Austria, BalticStates, Belarus, Belgium, Bulgaria, CentralEuropeanRus, Corse, Czechoslovakia, Denmark, EastEuropeanRussia, Finland, France, Germany, GreatBritain, Greece, Hungary, Iran, Ireland, Italy, Kazakhstan, Krym, Libya, Morocco, Netherlands, NorthCaucasus, NorthEuropeanRussi, NorthwestEuropeanR, Norway, Poland, Romania, Sardegna, Sicilia, SouthEuropeanRussi, Spain, Sweden, Switzerland, Transcaucasus, Tunisia, Turkey, Turkey-in-Europe, Ukraine, WestSiberia, Yugoslavia"
Lamium galeobdolon,"Albania, Austria, BalticStates, Belarus, Belgium, Bulgaria, CentralEuropeanRus, Czechoslovakia, Denmark, EastEuropeanRussia, France, Germany, GreatBritain, Greece, Hungary, Iran, Ireland, Netherlands, NorthEuropeanRussi, NorthwestEuropeanR, Poland, Romania, SouthEuropeanRussi, Spain, Sweden, Switzerland, Transcaucasus, Turkey, Turkey-in-Europe, Ukraine, WestSiberia, Yugoslavia"
Brachypodium sylvaticum,"Albania, Algeria, Altay, Assam, Austria, Azores, Baleares, BalticStates, Belarus, Belgium, Bulgaria, Buryatiya, CanaryIs., CapeVerde, CentralEuropeanRus, ChinaNorth-Central, ChinaSouth-Central, ChinaSoutheast, Corse, Cyprus, Czechoslovakia, Denmark, EastAegeanIs., EastEuropeanRussia, EastHimalaya, Eritrea, Finland, France, Germany, GreatBritain, Greece, GulfofGuineaIs., Hungary, India, Iran, Iraq, Ireland, Italy, Japan, Jawa, Kazakhstan, Kirgizstan, Korea, Krasnoyarsk, Kriti, Krym, KurilIs., Lebanon-Syria, LesserSundaIs., Madeira, Maluku, Manchuria, Morocco, Nepal, Netherlands, NewGuinea, NorthCaucasus, NorthwestEuropeanR, Norway, Pakistan, Palestine, Philippines, Poland, Portugal, Qinghai, Romania, Sakhalin, Sardegna, SaudiArabia, Sicilia, SouthEuropeanRussi, Spain, SriLanka, Sudan, Sulawesi, Sumatera, Sweden, Switzerland, Tadzhikistan, Taiwan, Tibet, Transcaucasus, Tunisia, Turkey, Turkey-in-Europe, Turkmenistan, Ukraine, Uzbekistan, WestHimalaya, WestSiberia, Xinjiang, Yugoslavia"
Poa compressa,"Albania, Algeria, Austria, BalticStates, Belarus, Belgium, Bulgaria, CentralEuropeanRus, ChinaNorth-Central, ChinaSouth-Central, ChinaSoutheast, Corse, Cyprus, Czechoslovakia, Denmark, EastEuropeanRussia, Finland, France, Germany, Greece, Hungary, Iran, Italy, Kazakhstan, Krym, Lebanon-Syria, Morocco, Netherlands, NorthCaucasus, NorthEuropeanRussi, NorthwestEuropeanR, Norway, Poland, Qinghai, Romania, Sardegna, Sicilia, SouthEuropeanRussi, Spain, Sweden, Switzerland, Transcaucasus, Turkey, Turkey-in-Europe, Ukraine, Xinjiang, Yugoslavia"
Arrhenatherum elatius,"Albania, Algeria, Austria, Azores, Baleares, BalticStates, Belarus, Belgium, Bulgaria, CanaryIs., CentralEuropeanRus, Corse, Cyprus, Czechoslovakia, Denmark, EastEuropeanRussia, Finland, France, Føroyar, Germany, GreatBritain, Greece, Hungary, Iceland, Iran, Iraq, Ireland, Italy, Kazakhstan, Kirgizstan, Krym, Lebanon-Syria, Madeira, Morocco, Netherlands, NorthCaucasus, NorthEuropeanRussi, NorthwestEuropeanR, Norway, Palestine, Poland, Portugal, Romania, Sardegna, Sicilia, SouthEuropeanRussi, Spain, Sweden, Switzerland, Transcaucasus, Turkey, Turkey-in-Europe, Turkmenistan, Ukraine, Yugoslavia"
Deschampsia cespitosa,"Afghanistan, Alaska, Albania, Alberta, AleutianIs., Altay, Amur, AntipodeanIs., Arizona, Austria, BalticStates, Belarus, Belgium, BritishColumbia, Bulgaria, Buryatiya, California, Cameroon, CentralEuropeanRus, ChathamIs., ChinaNorth-Central, ChinaSouth-Central, Chita, Colorado, Congo, Connecticut, Czechoslovakia, Denmark, EastEuropeanRussia, EastHimalaya, Ethiopia, Finland, France, Føroyar, Germany, GreatBritain, Greece, Greenland, GulfofGuineaIs., Hungary, Iceland, Idaho, Illinois, Indiana, InnerMongolia, Iran, Ireland, Irkutsk, Italy, Japan, Kamchatka, Kazakhstan, Kentucky, Kenya, Khabarovsk, Kirgizstan, Korea, Krasnoyarsk, Krym, KurilIs., Labrador, MacquarieIs., Magadan, Maine, Manchuria, Manitoba, Maryland, Massachusetts, MexicoNortheast, Michigan, Minnesota, Mongolia, Montana, Nepal, Netherlands, Nevada, NewBrunswick, NewHampshire, NewJersey, NewMexico, NewSouthWales, NewYork, NewZealandNorth, NewZealandSouth, Newfoundland, NorthCarolina, NorthCaucasus, NorthDakota, NorthEuropeanRussi, NorthwestEuropeanR, NorthwestTerritorie, Norway, NovaScotia, Nunavut, Ohio, Ontario, Oregon, Pakistan, Pennsylvania, Poland, Portugal, Primorye, PrinceEdwardI., Qinghai, Québec, RhodeI., Romania, Rwanda, Sakhalin, Saskatchewan, Sicilia, SouthDakota, SouthEuropeanRussi, Spain, Svalbard, Sweden, Switzerland, Tadzhikistan, Taiwan, Tanzania, Tasmania, Tibet, Transcaucasus, Turkey, Turkey-in-Europe, Tuva, Uganda, Ukraine, Utah, Uzbekistan, Vermont, Victoria, Virginia, Washington, WestHimalaya, WestSiberia, WestVirginia, Wisconsin, Wyoming, Xinjiang, Yakutskiya, Yugoslavia, Yukon, Zaïre"
Elymus repens,"Afghanistan, Albania, Algeria, Altay, Amur, Austria, Baleares, BalticStates, Belarus, Belgium, Bulgaria, Buryatiya, CentralEuropeanRus, ChinaNorth-Central, ChinaSouth-Central, Chita, Corse, Cyprus, Czechoslovakia, Denmark, EastAegeanIs., EastEuropeanRussia, EastHimalaya, Finland, France, Føroyar, Germany, GreatBritain, Greece, Hungary, Iceland, InnerMongolia, Iran, Iraq, Ireland, Irkutsk, Italy, Kamchatka, Kazakhstan, Khabarovsk, Kirgizstan, Korea, Krasnoyarsk, Krym, KurilIs., Lebanon-Syria, Libya, Magadan, Manchuria, Mongolia, Morocco, Netherlands, NorthCaucasus, NorthEuropeanRussi, NorthwestEuropeanR, Norway, Pakistan, Poland, Portugal, Primorye, Qinghai, Romania, Sakhalin, Sardegna, Sicilia, SouthEuropeanRussi, Spain, Sweden, Switzerland, Tadzhikistan, Tibet, Transcaucasus, Tunisia, Turkey, Turkey-in-Europe, Turkmenistan, Tuva, Ukraine, Uzbekistan, WestHimalaya, WestSiberia, Xinjiang, Yakutskiya, Yugoslavia"
Impatiens glandulifera,"Pakistan, WestHimalaya"
Poa trivialis,"Afghanistan, Albania, Algeria, Altay, Austria, Azores, Baleares, BalticStates, Belarus, Belgium, Bulgaria, Buryatiya, CanaryIs., CentralEuropeanRus, ChinaNorth-Central, ChinaSouth-Central, ChinaSoutheast, Corse, Cyprus, Czechoslovakia, Denmark, EastAegeanIs., EastEuropeanRussia, EastHimalaya, Finland, France, Føroyar, Germany, GreatBritain, Greece, Hungary, Iceland, InnerMongolia, Iran, Iraq, Ireland, Italy, Kamchatka, Kazakhstan, Khabarovsk, Kirgizstan, Korea, Krasnoyarsk, Kriti, Krym, KurilIs., Lebanon-Syria, Libya, Madeira, Magadan, Mongolia, Morocco, Netherlands, NorthCaucasus, NorthEuropeanRussi, NorthwestEuropeanR, Norway, Pakistan, Palestine, Poland, Portugal, Primorye, Romania, Sakhalin, Sardegna, Sicilia, SouthEuropeanRussi, Spain, Sweden, Switzerland, Tadzhikistan, Transcaucasus, Tunisia, Turkey, Turkey-in-Europe, Turkmenistan, Tuva, Ukraine, Uzbekistan, WestHimalaya, WestSiberia, Xinjiang, Yugoslavia"
Acer pseudoplatanus,"Albania, Austria, Bulgaria, Corse, Czechoslovakia, France, Germany, Greece, Hungary, Italy, Krym, NorthCaucasus, Poland, Portugal, Romania, Sicilia, Spain, Switzerland, Turkey-in-Europe, Ukraine, Yugoslavia"
Papaver dubium,"Afghanistan, Albania, Algeria, Austria, Baleares, BalticStates, Belarus, Belgium, Bulgaria, CanaryIs., Corse, Czechoslovakia, Denmark, Djibouti, EastAegeanIs., Egypt, France, Germany, GreatBritain, Greece, GulfStates, Hungary, Iran, Iraq, Ireland, Italy, Kriti, Krym, Lebanon-Syria, Libya, Madeira, Morocco, Netherlands, NorthCaucasus, NorthwestEuropeanR, Pakistan, Poland, Portugal, Romania, Sardegna, SaudiArabia, Sicilia, Sinai, SouthEuropeanRussi, Spain, Sweden, Switzerland, Transcaucasus, Tunisia, Turkey, Turkey-in-Europe, Ukraine, WestHimalaya, Yemen, Yugoslavia"
Draba verna,"Afghanistan, Albania, Algeria, Austria, Baleares, BalticStates, Belarus, Belgium, Bulgaria, CentralEuropeanRus, Corse, Czechoslovakia, Denmark, EastAegeanIs., EastEuropeanRussia, Ethiopia, Finland, France, Germany, GreatBritain, Greece, Hungary, Iceland, Iran, Iraq, Ireland, Italy, Kazakhstan, Kirgizstan, Kriti, Krym, Lebanon-Syria, Morocco, Netherlands, NorthCaucasus, NorthEuropeanRussi, NorthwestEuropeanR, Norway, Oman, Pakistan, Palestine, Poland, Portugal, Romania, Sardegna, Sicilia, SouthEuropeanRussi, Spain, Sweden, Switzerland, Tadzhikistan, Transcaucasus, Tunisia, Turkey, Turkey-in-Europe, Turkmenistan, Ukraine, Uzbekistan, WestHimalaya, Yugoslavia"
Pilosella officinarum,"Albania, Austria, BalticStates, Belarus, Belgium, Bulgaria, CentralEuropeanRus, Corse, Czechoslovakia, Denmark, EastEuropeanRussia, Finland, France, Germany, GreatBritain, Greece, Hungary, Iran, Ireland, Italy, Kazakhstan, Krym, Netherlands, NorthCaucasus, NorthEuropeanRussi, NorthwestEuropeanR, Norway, Poland, Portugal, Romania, Spain, Sweden, Switzerland, Transcaucasus, Turkey, Ukraine, Yugoslavia"
Helminthotheca echioides,"Albania, Algeria, Azores, Baleares, BalticStates, Belarus, Bulgaria, CanaryIs., CapeVerde, Corse, Cyprus, Czechoslovakia, EastAegeanIs., Egypt, France, Greece, Iran, Iraq, Italy, Kriti, Krym, Lebanon-Syria, Libya, Madeira, Morocco, NorthCaucasus, Palestine, Portugal, Sardegna, Sicilia, Spain, Transcaucasus, Tunisia, Turkey, Turkey-in-Europe, Turkmenistan, Ukraine, Yugoslavia"
Frangula alnus,"Albania, Algeria, Altay, Austria, BalticStates, Belarus, Belgium, Bulgaria, CentralEuropeanRus, Corse, Czechoslovakia, Denmark, EastEuropeanRussia, Finland, France, Germany, GreatBritain, Greece, Hungary, Iran, Iraq, Ireland, Italy, Kazakhstan, Krasnoyarsk, Krym, Morocco, Netherlands, NorthCaucasus, NorthEuropeanRussi, NorthwestEuropeanR, Norway, Poland, Portugal, Romania, SouthEuropeanRussi, Spain, Sweden, Switzerland, Transcaucasus, Tunisia, Turkey, Turkey-in-Europe, Tuva, Ukraine, WestSiberia, Xinjiang, Yugoslavia"
Spergularia rubra,"Afghanistan, Albania, Algeria, Amur, Austria, Baleares, BalticStates, Belarus, Belgium, Bulgaria, Buryatiya, CanaryIs., CentralEuropeanRus, Corse, Czechoslovakia, Denmark, EastAegeanIs., EastEuropeanRussia, Egypt, Eritrea, Ethiopia, Finland, France, Germany, GreatBritain, Greece, Hungary, Ireland, Irkutsk, Italy, Kamchatka, Kazakhstan, Khabarovsk, Krasnoyarsk, Kriti, KurilIs., Libya, Madeira, Magadan, Netherlands, NorthCaucasus, NorthEuropeanRussi, NorthwestEuropeanR, Norway, Palestine, Poland, Primorye, Romania, Sakhalin, Sardegna, Sicilia, Sinai, SouthEuropeanRussi, Spain, Sudan, Sweden, Switzerland, Transcaucasus, Turkey, Turkey-in-Europe, Ukraine, WestSiberia, Xinjiang, Yakutskiya, Yemen, Yugoslavia"
Eucalyptus globulus,"NewSouthWales, Tasmania, Victoria"
Juncus articulatus,"Afghanistan, Alaska, Albania, Algeria, Altay, Amur, Arizona, Austria, Azores, Baleares, BalticStates, Belarus, Belgium, BritishColumbia, Bulgaria, Buryatiya, CanaryIs., CentralEuropeanRus, ChinaNorth-Central, ChinaSouth-Central, ChinaSoutheast, Chita, Colorado, Connecticut, Corse, Cyprus, Czechoslovakia, Denmark, EastAegeanIs., EastEuropeanRussia, EastHimalaya, Finland, France, Føroyar, Germany, GreatBritain, Greece, Hungary, Iceland, Idaho, Illinois, India, Indiana, InnerMongolia, Iran, Iraq, Ireland, Irkutsk, Italy, Japan, Kamchatka, Kazakhstan, Kentucky, Khabarovsk, Kirgizstan, Korea, Krasnoyarsk, Kriti, Krym, KurilIs., Labrador, Lebanon-Syria, Libya, Madeira, Maine, Manchuria, Massachusetts, MexicoNortheast, MexicoNorthwest, Michigan, Minnesota, Mongolia, Morocco, Nebraska, Nepal, Netherlands, Nevada, NewBrunswick, NewHampshire, NewJersey, NewMexico, NewYork, Newfoundland, NorthCarolina, NorthCaucasus, NorthEuropeanRussi, NorthwestEuropeanR, Norway, Ohio, Ontario, Oregon, Pakistan, Palestine, Pennsylvania, Poland, Portugal, Primorye, PrinceEdwardI., Qinghai, Québec, RhodeI., Romania, Sakhalin, Sardegna, Sicilia, SouthDakota, SouthEuropeanRussi, Spain, Sweden, Switzerland, Tadzhikistan, Tibet, Transcaucasus, Tunisia, Turkey, Turkey-in-Europe, Turkmenistan, Tuva, Ukraine, Utah, Uzbekistan, Vermont, Vietnam, Virginia, Washington, WestHimalaya, WestSiberia, WestVirginia, Xinjiang, Yakutskiya, Yugoslavia"
Salix cinerea,"Albania, Altay, Austria, BalticStates, Belgium, Bulgaria, CentralEuropeanRus, Czechoslovakia, Denmark, EastEuropeanRussia, Finland, France, Germany, GreatBritain, Greece, Hungary, Ireland, Italy, Kazakhstan, Netherlands, NorthCaucasus, NorthEuropeanRussi, NorthwestEuropeanR, Norway, Poland, Romania, SouthEuropeanRussi, Spain, Sweden, Transcaucasus, Turkey, Ukraine, Yugoslavia"
Alopecurus pratensis,"Afghanistan, Albania, Altay, Austria, Azores, BalticStates, Belarus, Belgium, Bulgaria, Buryatiya, CentralEuropeanRus, Chita, Corse, Czechoslovakia, Denmark, EastEuropeanRussia, Finland, France, Germany, GreatBritain, Greece, Hungary, InnerMongolia, Iran, Ireland, Irkutsk, Italy, Kazakhstan, Kirgizstan, Krasnoyarsk, Krym, Manchuria, Mongolia, Netherlands, NorthCaucasus, NorthEuropeanRussi, NorthwestEuropeanR, Norway, Poland, Romania, Sardegna, Sicilia, SouthEuropeanRussi, Spain, Sweden, Switzerland, Tadzhikistan, Turkey-in-Europe, Turkmenistan, Tuva, Ukraine, Uzbekistan, WestHimalaya, WestSiberia, Xinjiang, Yakutskiya, Yugoslavia"
Lupinus polyphyllus,"Alberta, BritishColumbia, California, Connecticut, Idaho, Maine, Massachusetts, Minnesota, Montana, Nevada, NewYork, Ontario, Oregon, Québec, Vermont, Washington, Wisconsin"
Silene vulgaris,"Afghanistan, Albania, Algeria, Altay, Amur, Austria, Baleares, BalticStates, Belarus, Belgium, Bulgaria, Buryatiya, CanaryIs., CentralEuropeanRus, Chita, Corse, Cyprus, Czechoslovakia, Denmark, EastAegeanIs., EastEuropeanRussia, Egypt, Finland, France, Germany, GreatBritain, Greece, Hungary, InnerMongolia, Iran, Ireland, Irkutsk, Italy, Kamchatka, Kazakhstan, Khabarovsk, Kirgizstan, Krasnoyarsk, Kriti, Krym, KurilIs., Lebanon-Syria, Libya, Madeira, Magadan, Manchuria, Mongolia, Morocco, Nepal, Netherlands, NorthCaucasus, NorthEuropeanRussi, NorthwestEuropeanR, Norway, Oman, Pakistan, Palestine, Poland, Portugal, Primorye, Romania, Sakhalin, Sardegna, SaudiArabia, Sicilia, SouthEuropeanRussi, Spain, Sweden, Switzerland, Tadzhikistan, Tibet, Transcaucasus, Tunisia, Turkey, Turkey-in-Europe, Tuva, Ukraine, Uzbekistan, WestHimalaya, WestSiberia, Xinjiang, Yakutskiya, Yugoslavia"
Rhamnus cathartica,"Albania, Algeria, Altay, Austria, BalticStates, Belarus, Belgium, Bulgaria, CentralEuropeanRus, Czechoslovakia, Denmark, EastEuropeanRussia, Finland, France, Germany, GreatBritain, Greece, Hungary, Iran, Ireland, Italy, Kazakhstan, Kirgizstan, Krym, Morocco, Netherlands, NorthCaucasus, NorthEuropeanRussi, Norway, Poland, Portugal, Romania, Sicilia, SouthEuropeanRussi, Spain, Sweden, Switzerland, Tadzhikistan, Transcaucasus, Turkey, Ukraine, Uzbekistan, WestSiberia, Xinjiang, Yugoslavia"
Achillea ptarmica,"Austria, BalticStates, Belarus, Belgium, CentralEuropeanRus, Czechoslovakia, Denmark, EastEuropeanRussia, Finland, France, Føroyar, Germany, GreatBritain, Hungary, Ireland, Italy, Japan, Kamchatka, KurilIs., Netherlands, NorthEuropeanRussi, NorthwestEuropeanR, Norway, Poland, Romania, Sakhalin, Spain, Sweden, Switzerland, Ukraine, Yugoslavia"
Myosotis arvensis,"Albania, Algeria, Altay, Austria, Baleares, BalticStates, Belarus, Belgium, Bulgaria, CentralEuropeanRus, Corse, Czechoslovakia, Denmark, EastAegeanIs., EastEuropeanRussia, Finland, France, Føroyar, Germany, GreatBritain, Greece, Hungary, Iceland, Ireland, Irkutsk, Italy, Kazakhstan, Krasnoyarsk, Krym, Madeira, Morocco, Netherlands, NorthCaucasus, NorthEuropeanRussi, NorthwestEuropeanR, Norway, Pakistan, Poland, Portugal, Romania, Sardegna, Sicilia, SouthEuropeanRussi, Spain, Sweden, Switzerland, Transcaucasus, Tunisia, Turkey, Turkey-in-Europe, Ukraine, WestHimalaya, WestSiberia, Yakutskiya, Yugoslavia"
Rumex acetosa,"Afghanistan, Albania, Altay, Amur, Austria, Baleares, BalticStates, Belarus, Belgium, Bulgaria, Buryatiya, CentralEuropeanRus, ChinaNorth-Central, ChinaSouth-Central, ChinaSoutheast, Chita, Corse, Czechoslovakia, Denmark, EastEuropeanRussia, Finland, France, Føroyar, Germany, GreatBritain, Hungary, Iceland, InnerMongolia, Iran, Ireland, Irkutsk, Italy, Japan, Kazakhstan, Khabarovsk, Kirgizstan, Korea, Krasnoyarsk, Krym, Manchuria, Mongolia, Morocco, Nepal, Netherlands, NorthCaucasus, NorthEuropeanRussi, NorthwestEuropeanR, Norway, Pakistan, Poland, Portugal, Primorye, Qinghai, Romania, Sardegna, Sicilia, SouthEuropeanRussi, Spain, Sweden, Switzerland, Tadzhikistan, Taiwan, Tibet, Transcaucasus, Turkey-in-Europe, Tuva, Ukraine, Uzbekistan, WestHimalaya, WestSiberia, Xinjiang, Yugoslavia"
Glyceria maxima,"Austria, BalticStates, Belarus, Belgium, Bulgaria, CentralEuropeanRus, Czechoslovakia, Denmark, EastEuropeanRussia, Finland, France, Germany, GreatBritain, Greece, Hungary, Ireland, Italy, Kazakhstan, Netherlands, NorthEuropeanRussi, NorthwestEuropeanR, Norway, Poland, Romania, Sardegna, Sicilia, SouthEuropeanRussi, Sweden, Switzerland, Transcaucasus, Turkey-in-Europe, Ukraine, WestSiberia, Xinjiang, Yugoslavia"
Carduus crispus,"Altay, Amur, Austria, BalticStates, Belarus, Belgium, Bulgaria, Buryatiya, CentralEuropeanRus, Chita, Czechoslovakia, Denmark, EastEuropeanRussia, Finland, France, Germany, GreatBritain, Hungary, Ireland, Irkutsk, Italy, Kazakhstan, Khabarovsk, Kirgizstan, Krasnoyarsk, Krym, Mongolia, Netherlands, NorthCaucasus, NorthEuropeanRussi, NorthwestEuropeanR, Norway, Poland, Primorye, Romania, SouthEuropeanRussi, Spain, Sweden, Switzerland, Transcaucasus, Tuva, Ukraine, WestSiberia, Yakutskiya, Yugoslavia"
Fragaria vesca,"Albania, Alberta, Altay, Arizona, Austria, Azores, BalticStates, Belarus, Belgium, BritishColumbia, Bulgaria, Buryatiya, California, CentralEuropeanRus, Colorado, Connecticut, Corse, Czechoslovakia, Denmark, EastEuropeanRussia, Finland, France, Germany, GreatBritain, Greece, Guatemala, Hungary, Iceland, Idaho, Illinois, Indiana, Iowa, Iran, Ireland, Irkutsk, Italy, Kazakhstan, Kirgizstan, Krasnoyarsk, Krym, Lebanon-Syria, Madeira, Maine, Manitoba, Massachusetts, MexicoCentral, MexicoGulf, MexicoNortheast, MexicoNorthwest, MexicoSouthwest, Michigan, Minnesota, Mississippi, Montana, Nebraska, Netherlands, NewHampshire, NewMexico, NewYork, NorthCarolina, NorthCaucasus, NorthDakota, NorthEuropeanRussi, NorthwestEuropeanR, NorthwestTerritorie, Norway, NovaScotia, Ohio, Ontario, Oregon, Pennsylvania, Poland, Portugal, Québec, Romania, Sardegna, Saskatchewan, Sicilia, SouthDakota, SouthEuropeanRussi, Spain, Sweden, Switzerland, Texas, Transcaucasus, Turkey, Turkey-in-Europe, Tuva, Ukraine, Utah, Vermont, Virginia, Washington, WestSiberia, WestVirginia, Wisconsin, Wyoming, Xinjiang, Yugoslavia"
Rumex conglomeratus,"Afghanistan, Albania, Algeria, Austria, Baleares, BalticStates, Belarus, Belgium, Bulgaria, CanaryIs., CapeProvinces, CentralEuropeanRus, Corse, Cyprus, Czechoslovakia, Denmark, EastAegeanIs., France, FreeState, Germany, GreatBritain, Greece, GulfStates, Hungary, Iran, Iraq, Ireland, Italy, Kazakhstan, Kirgizstan, Kriti, Krym, KwaZulu-Natal, Lebanon-Syria, Libya, Madeira, Morocco, Netherlands, NorthCaucasus, NorthernProvinces, NorthwestEuropeanR, Palestine, Poland, Portugal, Romania, Sardegna, SaudiArabia, Sicilia, Spain, Sweden, Switzerland, Tadzhikistan, Transcaucasus, Tunisia, Turkey, Turkey-in-Europe, Turkmenistan, Ukraine, Uzbekistan, WestHimalaya, Yugoslavia"
Bromus sterilis,"Afghanistan, Albania, Algeria, Austria, Baleares, Belgium, Bulgaria, Corse, Cyprus, Czechoslovakia, Denmark, EastAegeanIs., France, Germany, GreatBritain, Greece, Hungary, Iran, Iraq, Ireland, Italy, Kazakhstan, Kirgizstan, Krasnoyarsk, Kriti, Krym, Lebanon-Syria, Morocco, Netherlands, NorthCaucasus, Norway, Palestine, Poland, Portugal, Romania, Sardegna, Sicilia, SouthEuropeanRussi, Spain, Sweden, Switzerland, Tadzhikistan, Transcaucasus, Tunisia, Turkey, Turkey-in-Europe, Turkmenistan, Ukraine, Uzbekistan, Yugoslavia"
Elodea nuttallii,"Arkansas, BritishColumbia, California, Colorado, Connecticut, Delaware, Idaho, Illinois, Indiana, Iowa, Kansas, Kentucky, Maine, Manitoba, Maryland, Massachusetts, Michigan, Minnesota, Missouri, Montana, Nebraska, Nevada, NewBrunswick, NewHampshire, NewJersey, NewMexico, NewYork, NorthCarolina, NorthDakota, Ohio, Oklahoma, Ontario, Oregon, Pennsylvania, Québec, RhodeI., SouthDakota, Tennessee, Vermont, Virginia, Washington, WestVirginia, Wisconsin, Wyoming"
Poa nemoralis,"Afghanistan, Alaska, Albania, Alberta, AleutianIs., Algeria, Altay, Amur, Arizona, Austria, BalticStates, Belarus, Belgium, BritishColumbia, Bulgaria, Buryatiya, California, CentralEuropeanRus, ChinaNorth-Central, ChinaSouth-Central, Colorado, Connecticut, Corse, Czechoslovakia, Delaware, Denmark, EastEuropeanRussia, EastHimalaya, Finland, France, Føroyar, Germany, GreatBritain, Greece, Hungary, Iceland, Idaho, Illinois, Indiana, InnerMongolia, Iowa, Iran, Ireland, Irkutsk, Italy, Japan, Kamchatka, Kazakhstan, Khabarovsk, Kirgizstan, Korea, Krasnoyarsk, Krym, KurilIs., Labrador, Lebanon-Syria, Magadan, Maine, Manchuria, Manitoba, Maryland, Massachusetts, Michigan, Minnesota, Missouri, Mongolia, Montana, Morocco, Nebraska, Nepal, Netherlands, Nevada, NewBrunswick, NewHampshire, NewJersey, NewYork, Newfoundland, NorthCarolina, NorthCaucasus, NorthDakota, NorthEuropeanRussi, NorthwestEuropeanR, NorthwestTerritorie, Norway, NovaScotia, Ohio, Ontario, Oregon, Pakistan, Pennsylvania, Poland, Portugal, Primorye, Québec, RhodeI., Romania, Sakhalin, Sardegna, Saskatchewan, Sicilia, SouthDakota, SouthEuropeanRussi, Spain, Sweden, Switzerland, Tadzhikistan, Tennessee, Texas, Tibet, Transcaucasus, Turkey, Turkey-in-Europe, Turkmenistan, Tuva, Ukraine, Utah, Uzbekistan, Vermont, Virginia, Washington, WestHimalaya, WestSiberia, Wisconsin, Wyoming, Xinjiang, Yakutskiya, Yugoslavia, Yukon"
Filipendula vulgaris,"Albania, Algeria, Altay, Austria, Azores, BalticStates, Belarus, Belgium, Bulgaria, CentralEuropeanRus, Czechoslovakia, Denmark, EastEuropeanRussia, Finland, France, Germany, GreatBritain, Greece, Hungary, Iran, Ireland, Irkutsk, Italy, Kazakhstan, Kirgizstan, Krym, Morocco, Netherlands, NorthCaucasus, NorthwestEuropeanR, Norway, Poland, Portugal, Romania, SouthEuropeanRussi, Spain, Sweden, Switzerland, Transcaucasus, Turkey, Turkey-in-Europe, Tuva, Ukraine, Yugoslavia"
Sambucus nigra ssp. nigra,"Albania, Austria, Azores, BalticStates, Belarus, Belgium, Bulgaria, CentralEuropeanRus, Corse, Czechoslovakia, Denmark, EastEuropeanRussia, France, Germany, GreatBritain, Greece, Hungary, Iran, Iraq, Ireland, Italy, Krym, Lebanon-Syria, Netherlands, NorthCaucasus, NorthwestEuropeanR, Palestine, Poland, Portugal, Romania, Sardegna, Sicilia, SouthEuropeanRussi, Spain, Switzerland, Transcaucasus, Turkey, Turkey-in-Europe, Ukraine, Yugoslavia"
Bistorta officinalis,"Albania, Altay, Amur, Assam, Austria, BalticStates, Belarus, Belgium, Bulgaria, Buryatiya, CentralEuropeanRus, ChinaNorth-Central, ChinaSouth-Central, ChinaSoutheast, Chita, Czechoslovakia, EastEuropeanRussia, France, Germany, GreatBritain, Greece, Hungary, InnerMongolia, Iran, Iraq, Irkutsk, Italy, Japan, Khabarovsk, Korea, Krasnoyarsk, Krym, Manchuria, Morocco, Netherlands, NorthCaucasus, NorthEuropeanRussi, NorthwestEuropeanR, Pakistan, Poland, Portugal, Primorye, Qinghai, Romania, Sakhalin, SouthEuropeanRussi, Spain, Switzerland, Tibet, Transcaucasus, Turkey, Tuva, Ukraine, WestHimalaya, WestSiberia, Yakutskiya, Yugoslavia"
Sanguisorba officinalis,"Alaska, Albania, Altay, Amur, Austria, BalticStates, Belarus, Belgium, BritishColumbia, Bulgaria, Buryatiya, California, CentralEuropeanRus, ChinaNorth-Central, ChinaSouth-Central, ChinaSoutheast, Chita, Czechoslovakia, EastEuropeanRussia, France, Germany, GreatBritain, Greece, Hungary, Iceland, InnerMongolia, Iran, Ireland, Irkutsk, Italy, Japan, Kamchatka, Kazakhstan, Khabarovsk, Kirgizstan, Korea, Krasnoyarsk, Krym, Magadan, Maine, Manchuria, Michigan, Mongolia, Netherlands, NorthCaucasus, NorthEuropeanRussi, NorthwestEuropeanR, NorthwestTerritorie, Norway, NovaScotia, Oregon, Pennsylvania, Poland, Primorye, Qinghai, Romania, Sakhalin, SouthEuropeanRussi, Spain, Sweden, Switzerland, Taiwan, Tibet, Transcaucasus, Turkey, Tuva, Ukraine, Washington, WestSiberia, Xinjiang, Yakutskiya, Yugoslavia, Yukon"
Matricaria discoidea,"Alaska, Alberta, AleutianIs., Arizona, Arkansas, BritishColumbia, California, Colorado, Connecticut, Delaware, Greenland, Idaho, Illinois, Indiana, Iowa, Kansas, Kentucky, Louisiana, Maine, Manitoba, Maryland, Massachusetts, Michigan, Minnesota, Mississippi, Missouri, Montana, Nevada, NewBrunswick, NewHampshire, NewJersey, NewMexico, NewYork, NorthCarolina, NorthDakota, NorthwestTerritorie, NovaScotia, Nunavut, Ohio, Oklahoma, Ontario, Oregon, Pennsylvania, PrinceEdwardI., Québec, RhodeI., Saskatchewan, SouthCarolina, SouthDakota, Tennessee, Texas, Utah, Vermont, Virginia, Washington, WestVirginia, Wisconsin, Wyoming, Yukon"
Pulicaria dysenterica,"Afghanistan, Albania, Algeria, Austria, Baleares, Belgium, Bulgaria, CentralEuropeanRus, Corse, Cyprus, Czechoslovakia, Denmark, EastAegeanIs., France, Germany, GreatBritain, Greece, Hungary, Iran, Iraq, Ireland, Italy, Kriti, Krym, Lebanon-Syria, Morocco, Nepal, Netherlands, NorthCaucasus, Norway, Pakistan, Palestine, Poland, Portugal, Romania, Sardegna, Sicilia, Spain, Switzerland, Transcaucasus, Tunisia, Turkey, Turkey-in-Europe, Turkmenistan, Ukraine, WestHimalaya, Yugoslavia"
Senecio sylvaticus,"Austria, Azores, BalticStates, Belarus, Belgium, Bulgaria, CentralEuropeanRus, Czechoslovakia, Denmark, EastEuropeanRussia, Finland, France, Germany, GreatBritain, Greece, Hungary, Ireland, Italy, Madeira, Netherlands, NorthEuropeanRussi, NorthwestEuropeanR, Norway, Poland, Portugal, Romania, Spain, Sweden, Switzerland, Transcaucasus, Turkey-in-Europe, Ukraine, Yugoslavia"
Juncus inflexus,"Afghanistan, Albania, Algeria, Assam, Austria, Baleares, BalticStates, Belarus, Belgium, Bulgaria, CanaryIs., CapeProvinces, CentralEuropeanRus, ChinaNorth-Central, ChinaSouth-Central, ChinaSoutheast, Corse, Cyprus, Czechoslovakia, Denmark, EastAegeanIs., EastEuropeanRussia, EastHimalaya, France, FreeState, Germany, GreatBritain, Greece, Hungary, India, Iran, Iraq, Ireland, Italy, Kazakhstan, Kirgizstan, Kriti, Krym, Lebanon-Syria, Lesotho, Madagascar, Madeira, Mongolia, Morocco, Netherlands, NorthCaucasus, NorthwestEuropeanR, Pakistan, Palestine, Poland, Portugal, Romania, Sardegna, SaudiArabia, Sicilia, Sinai, SouthEuropeanRussi, Spain, Sweden, Switzerland, Tadzhikistan, Tibet, Transcaucasus, Tunisia, Turkey, Turkey-in-Europe, Turkmenistan, Ukraine, Uzbekistan, WestHimalaya, Xinjiang, Yemen, Yugoslavia, Zaïre"
Avena barbata,"Afghanistan, Albania, Algeria, Assam, Baleares, Bulgaria, Corse, Cyprus, EastAegeanIs., Egypt, France, Greece, Iran, Iraq, Italy, Kriti, Kuwait, Lebanon-Syria, Libya, Morocco, Nepal, NorthCaucasus, Oman, Pakistan, Palestine, Portugal, Romania, Sardegna, SaudiArabia, Sicilia, Sinai, Spain, Tadzhikistan, Transcaucasus, Tunisia, Turkey, Turkey-in-Europe, Turkmenistan, Uzbekistan, WestHimalaya, WesternSahara, Yemen, Yugoslavia"
Veronica chamaedrys,"Albania, Altay, Austria, BalticStates, Belarus, Belgium, Bulgaria, Buryatiya, CentralEuropeanRus, Czechoslovakia, Denmark, EastEuropeanRussia, Finland, France, Germany, GreatBritain, Greece, Hungary, Iceland, Ireland, Irkutsk, Italy, Kazakhstan, Kirgizstan, Krasnoyarsk, Krym, Lebanon-Syria, Netherlands, NorthCaucasus, NorthEuropeanRussi, NorthwestEuropeanR, Norway, Poland, Portugal, Romania, SouthEuropeanRussi, Spain, Sweden, Switzerland, Turkey, Turkey-in-Europe, Ukraine, WestSiberia, Yugoslavia"
Salix fragilis,Turkey
Malva moschata,"Albania, Austria, Belarus, Belgium, Bulgaria, Corse, Czechoslovakia, France, Germany, GreatBritain, Greece, Italy, Netherlands, Poland, Romania, Sicilia, SouthEuropeanRussi, Spain, Switzerland, Turkey, Ukraine, Yugoslavia"
Geum urbanum,"Albania, Algeria, Austria, BalticStates, Belarus, Belgium, Bulgaria, CentralEuropeanRus, Corse, Czechoslovakia, Denmark, EastEuropeanRussia, Finland, France, Germany, GreatBritain, Greece, Hungary, Iran, Iraq, Ireland, Italy, Kazakhstan, Kirgizstan, Krym, Lebanon-Syria, Morocco, Netherlands, NorthCaucasus, NorthEuropeanRussi, NorthwestEuropeanR, Norway, Palestine, Poland, Portugal, Romania, Sardegna, Sicilia, SouthEuropeanRussi, Spain, Sweden, Switzerland, Tadzhikistan, Transcaucasus, Tunisia, Turkey, Turkey-in-Europe, Turkmenistan, Ukraine, Uzbekistan, Yugoslavia"
Luzula campestris,"Albania, Algeria, Austria, BalticStates, Belarus, Belgium, Bulgaria, CentralEuropeanRus, Corse, Czechoslovakia, Denmark, Finland, France, Føroyar, Germany, GreatBritain, Greece, Hungary, Ireland, Italy, Morocco, Netherlands, NorthEuropeanRussi, NorthwestEuropeanR, Norway, Poland, Portugal, Romania, Sardegna, Spain, Sweden, Switzerland, Turkey-in-Europe, Ukraine, Yugoslavia"
Potamogeton natans,"Afghanistan, Alaska, Albania, Alberta, Algeria, Altay, Amur, Arizona, Austria, BalticStates, Belarus, Belgium, BritishColumbia, Bulgaria, Buryatiya, California, CentralEuropeanRus, Chita, Colorado, Connecticut, Corse, Czechoslovakia, Denmark, EastAegeanIs., EastEuropeanRussia, Finland, France, Føroyar, Germany, GreatBritain, Greece, Hungary, Iceland, Idaho, Illinois, Indiana, Iowa, Iran, Ireland, Irkutsk, Italy, Japan, Kamchatka, Kansas, Kazakhstan, Kirgizstan, Korea, Krasnoyarsk, Krym, KurilIs., Lebanon-Syria, Libya, Magadan, Maine, Manchuria, Manitoba, Massachusetts, MexicoCentral, MexicoNorthwest, MexicoSouthwest, Michigan, Minnesota, Mongolia, Montana, Morocco, Myanmar, Nebraska, Nepal, Netherlands, Nevada, NewBrunswick, NewHampshire, NewJersey, NewMexico, NewYork, Newfoundland, NorthCaucasus, NorthDakota, NorthEuropeanRussi, NorthwestEuropeanR, NorthwestTerritorie, Norway, NovaScotia, Ohio, Ontario, Oregon, Pakistan, Pennsylvania, Poland, Portugal, Primorye, PrinceEdwardI., Québec, RhodeI., Romania, Sakhalin, Sardegna, Saskatchewan, Sicilia, SouthDakota, SouthEuropeanRussi, Spain, Sweden, Switzerland, Tadzhikistan, Transcaucasus, Tunisia, Turkey, Tuva, Ukraine, Utah, Uzbekistan, Vermont, Washington, WestHimalaya, WestSiberia, WestVirginia, Wisconsin, Wyoming, Xinjiang, Yakutskiya, Yemen, Yugoslavia, Yukon"
Thymus pulegioides,"Albania, Altay, Austria, BalticStates, Belarus, Belgium, Bulgaria, CentralEuropeanRus, Czechoslovakia, Denmark, EastEuropeanRussia, Finland, France, Germany, GreatBritain, Greece, Hungary, Ireland, Italy, Kazakhstan, Kirgizstan, Krasnoyarsk, Krym, Netherlands, NorthCaucasus, NorthEuropeanRussi, NorthwestEuropeanR, Norway, Poland, Portugal, Romania, Sicilia, SouthEuropeanRussi, Spain, Sweden, Switzerland, Ukraine, WestSiberia, Xinjiang, Yugoslavia"
Torilis japonica,"Afghanistan, Albania, Assam, Austria, Baleares, BalticStates, Belarus, Belgium, Bulgaria, CentralEuropeanRus, ChinaNorth-Central, ChinaSouth-Central, ChinaSoutheast, Corse, Czechoslovakia, Denmark, EastEuropeanRussia, EastHimalaya, Finland, France, Germany, GreatBritain, Greece, Hungary, Iran, Ireland, Italy, Japan, Korea, Krym, KurilIs., Myanmar, Nepal, Netherlands, NorthCaucasus, NorthwestEuropeanR, Norway, Pakistan, Palestine, Poland, Portugal, Primorye, Romania, SouthEuropeanRussi, Spain, Sweden, Switzerland, Tibet, Transcaucasus, Turkey, Turkey-in-Europe, Ukraine, Vietnam, WestHimalaya, Yugoslavia"
Trifolium medium,"Albania, Austria, BalticStates, Belarus, Belgium, Bulgaria, CentralEuropeanRus, Czechoslovakia, Denmark, EastEuropeanRussia, Finland, France, Germany, GreatBritain, Greece, Hungary, Iran, Ireland, Italy, Kazakhstan, Krym, Netherlands, NorthCaucasus, NorthEuropeanRussi, NorthwestEuropeanR, Norway, Poland, Portugal, Romania, SouthEuropeanRussi, Spain, Sweden, Switzerland, Transcaucasus, Turkey-in-Europe, Ukraine, WestSiberia, Yugoslavia"
Glyceria fluitans,"Albania, Austria, BalticStates, Belarus, Belgium, Bulgaria, CentralEuropeanRus, Corse, Czechoslovakia, Denmark, EastAegeanIs., EastEuropeanRussia, Finland, France, Føroyar, Germany, GreatBritain, Greece, Hungary, Iceland, Ireland, Italy, Morocco, Netherlands, NorthCaucasus, NorthEuropeanRussi, NorthwestEuropeanR, Norway, Poland, Portugal, Romania, Sardegna, Sicilia, SouthEuropeanRussi, Spain, Sweden, Switzerland, Transcaucasus, Turkey, Turkey-in-Europe, Turkmenistan, Ukraine, Yugoslavia"
Holcus mollis,"Albania, Algeria, Austria, BalticStates, Belgium, Bulgaria, CentralEuropeanRus, Corse, Czechoslovakia, Denmark, France, Føroyar, Germany, GreatBritain, Greece, Hungary, Ireland, Italy, Netherlands, NorthwestEuropeanR, Norway, Poland, Portugal, Romania, Spain, Sweden, Switzerland, Tunisia, Turkey-in-Europe, Ukraine, Yugoslavia"
Vicia sepium,"Albania, Altay, Austria, BalticStates, Belarus, Belgium, Bulgaria, Buryatiya, CentralEuropeanRus, ChinaNorth-Central, ChinaSouth-Central, Czechoslovakia, Denmark, EastEuropeanRussia, Finland, France, Germany, GreatBritain, Greece, Hungary, Iceland, Ireland, Italy, Kazakhstan, Kirgizstan, Krasnoyarsk, Krym, Morocco, Netherlands, NorthCaucasus, NorthEuropeanRussi, NorthwestEuropeanR, Norway, Pakistan, Poland, Portugal, Romania, Sardegna, Sicilia, SouthEuropeanRussi, Spain, Sweden, Switzerland, Transcaucasus, Turkey, Ukraine, WestHimalaya, WestSiberia, Xinjiang, Yugoslavia"
Danthonia decumbens,"Albania, Algeria, Austria, Azores, BalticStates, Belarus, Belgium, Bulgaria, CapeVerde, CentralEuropeanRus, Corse, Czechoslovakia, Denmark, Finland, France, FreeState, Føroyar, Germany, GreatBritain, Greece, Hungary, Iceland, Ireland, Italy, Krym, Madeira, Morocco, Netherlands, NorthEuropeanRussi, NorthwestEuropeanR, Norway, Poland, Portugal, Romania, Sardegna, SouthEuropeanRussi, Spain, Sweden, Switzerland, Transcaucasus, Tunisia, Turkey, Turkey-in-Europe, Ukraine, Yugoslavia"
Gnaphalium uliginosum,"Alaska, Albania, Alberta, Algeria, Altay, Amur, Austria, BalticStates, Belarus, Belgium, BritishColumbia, Bulgaria, Buryatiya, CentralEuropeanRus, ChinaNorth-Central, Chita, Colorado, Connecticut, Corse, Czechoslovakia, Delaware, Denmark, EastEuropeanRussia, Egypt, Finland, France, Germany, GreatBritain, Greece, Greenland, Hungary, Iceland, Idaho, Illinois, InnerMongolia, Iowa, Ireland, Irkutsk, Italy, Japan, Kansas, Kazakhstan, Kentucky, Khabarovsk, Korea, Krasnoyarsk, Krym, Lebanon-Syria, Maine, Manchuria, Manitoba, Maryland, Massachusetts, Minnesota, Mongolia, Montana, Netherlands, NewBrunswick, NewGuinea, NewHampshire, NewJersey, NewYork, Newfoundland, NorthEuropeanRussi, NorthwestEuropeanR, Norway, NovaScotia, Ohio, Ontario, Oregon, Pakistan, Pennsylvania, Poland, Portugal, Primorye, PrinceEdwardI., Québec, RhodeI., Romania, Saskatchewan, Sicilia, SouthDakota, SouthEuropeanRussi, Spain, Sweden, Switzerland, Tibet, Transcaucasus, Turkey, Turkey-in-Europe, Ukraine, Utah, Vermont, Virginia, Washington, WestHimalaya, WestSiberia, WestVirginia, Wisconsin, Wyoming, Xinjiang, Yakutskiya, Yugoslavia, Yukon"
Carex nigra,"Albania, Altay, Amur, Austria, BalticStates, Belarus, Belgium, Bulgaria, Buryatiya, CentralEuropeanRus, Chita, Connecticut, Corse, Czechoslovakia, Denmark, EastEuropeanRussia, EastHimalaya, Finland, France, Føroyar, Germany, GreatBritain, Greece, Greenland, Hungary, Iceland, Iran, Iraq, Ireland, Irkutsk, Italy, Kazakhstan, Krasnoyarsk, Krym, Labrador, Maine, Massachusetts, Michigan, Mongolia, Morocco, Netherlands, NewBrunswick, NewHampshire, NewYork, Newfoundland, NorthCaucasus, NorthEuropeanRussi, NorthwestEuropeanR, Norway, NovaScotia, Poland, Portugal, PrinceEdwardI., Québec, Romania, Sardegna, Sicilia, SouthEuropeanRussi, Spain, Sweden, Switzerland, Transcaucasus, Turkey, Ukraine, Vermont, WestSiberia, Yakutskiya, Yugoslavia"
Potentilla verna,"Albania, Austria, BalticStates, Belgium, Corse, Czechoslovakia, Denmark, Finland, France, Germany, GreatBritain, Hungary, Italy, Netherlands, Norway, Poland, Portugal, Romania, Spain, Sweden, Switzerland"
Scrophularia auriculata,"Algeria, Azores, Baleares, Belgium, Corse, France, Germany, GreatBritain, Ireland, Italy, Kriti, Morocco, Netherlands, Portugal, Sardegna, Sicilia, Spain, Switzerland, Tunisia"
Primula elatior,"Albania, Altay, Austria, Belarus, Belgium, Bulgaria, Buryatiya, Czechoslovakia, Denmark, EastEuropeanRussia, France, Germany, GreatBritain, Greece, Hungary, Irkutsk, Italy, Kazakhstan, Krasnoyarsk, Netherlands, NorthwestEuropeanR, Poland, Romania, Spain, Sweden, Switzerland, Transcaucasus, Turkey, Tuva, Ukraine, WestSiberia, Yugoslavia"
Pimpinella saxifraga,"Albania, Altay, Austria, BalticStates, Belarus, Belgium, Bulgaria, CentralEuropeanRus, Czechoslovakia, Denmark, EastEuropeanRussia, France, Føroyar, Germany, GreatBritain, Greece, Hungary, Iran, Iraq, Ireland, Irkutsk, Italy, Kazakhstan, Krasnoyarsk, Krym, Netherlands, NorthCaucasus, NorthEuropeanRussi, NorthwestEuropeanR, Norway, Poland, Romania, Sardegna, SouthEuropeanRussi, Spain, Sweden, Switzerland, Transcaucasus, Turkey, Turkey-in-Europe, Ukraine, WestSiberia, Yugoslavia"
Filipendula ulmaria,"Albania, Altay, Austria, BalticStates, Belarus, Belgium, Bulgaria, Buryatiya, CentralEuropeanRus, Czechoslovakia, Denmark, EastEuropeanRussia, Finland, France, Germany, GreatBritain, Greece, Hungary, Iceland, Iran, Ireland, Irkutsk, Italy, Kazakhstan, Kirgizstan, Krasnoyarsk, Krym, Mongolia, Netherlands, NorthCaucasus, NorthEuropeanRussi, NorthwestEuropeanR, Norway, Poland, Portugal, Primorye, Romania, SouthEuropeanRussi, Spain, Sweden, Switzerland, Transcaucasus, Turkey, Tuva, Ukraine, WestSiberia, Xinjiang, Yakutskiya, Yugoslavia"
Carlina vulgaris,"Albania, Austria, BalticStates, Belarus, Belgium, Bulgaria, Czechoslovakia, Denmark, Finland, France, Germany, GreatBritain, Greece, Hungary, Iran, Ireland, Italy, Krym, Netherlands, NorthCaucasus, Norway, Poland, Romania, Spain, Sweden, Switzerland, Transcaucasus, Turkey, Turkmenistan, Ukraine, Yugoslavia"
Pinus halepensis,"Albania, Algeria, Baleares, Corse, EastAegeanIs., France, Greece, Italy, Lebanon-Syria, Libya, Morocco, Palestine, Sardegna, Sicilia, Spain, Tunisia, Turkey, Yugoslavia"
Ehrharta stipoides,"ChathamIs., Jawa, KermadecIs., LesserSundaIs., NewGuinea, NewSouthWales, NewZealandNorth, NewZealandSouth, NorfolkIs., Philippines, Queensland, SouthAustralia, Sulawesi, Tasmania, Victoria, WesternAustralia"
