Species,intro_loc
Ligustrum vulgare,"Alabama, Azores, CanaryIs., CentralEuropeanRus, Colorado, Illinois, Kentucky, NewMexico, NewYork, Vermont"
Cytisus scoparius,"Alabama, AntipodeanIs., ArgentinaNortheast, ArgentinaSouth, Azores, BritishColumbia, California, CanaryIs., CapeProvinces, ChathamIs., ChileCentral, Delaware, Idaho, India, Japan, Kentucky, Korea, KwaZulu-Natal, Madagascar, Madeira, NewJersey, NewSouthWales, NewYork, NewZealandNorth, NewZealandSouth, NorthernProvinces, Oregon, SouthAustralia, Tasmania, Tennessee, Turkey-in-Europe, Victoria, Washington, WestHimalaya"
Phalaris arundinacea,"Algeria, ArgentinaNortheast, BrazilSouth, CapeProvinces, Colombia, Egypt, FreeState, Jawa, KwaZulu-Natal, Lesotho, Mauritius, Nansei-shoto, NewSouthWales, NewZealandNorth, NewZealandSouth, NorthernProvinces, Peru, SouthAustralia, Tasmania, Uruguay, Victoria, WesternAustralia"
Agrostis capillaris,"Alabama, Alaska, Amsterdam-St.PaulIs, AntipodeanIs., ArgentinaNortheast, ArgentinaNorthwest, ArgentinaSouth, Arkansas, BrazilSouth, BritishColumbia, California, CanaryIs., ChathamIs., ChileCentral, ChileSouth, Colombia, Connecticut, CostaRica, CrozetIs., DistrictofColumbia, EastHimalaya, FalklandIs., Greenland, Hawaii, Honduras, Idaho, Illinois, Indiana, Kamchatka, Kentucky, Kerguelen, Khabarovsk, KurilIs., Labrador, Maine, Maryland, Massachusetts, Michigan, Mississippi, Missouri, Montana, Nevada, NewBrunswick, NewCaledonia, NewHampshire, NewJersey, NewSouthWales, NewYork, NewZealandNorth, NewZealandSouth, Newfoundland, NorthCarolina, NorthDakota, NovaScotia, Ohio, Ontario, Oregon, Pennsylvania, Primorye, PrinceEdwardI., Québec, RhodeI., Réunion, Sakhalin, SouthAustralia, SouthCarolina, SouthGeorgia, St.Helena, Tasmania, Tennessee, TristandaCunha, Utah, Vermont, Victoria, Virginia, Washington, WestVirginia, WesternAustralia, Wyoming, Yukon"
Avena fatua,"Alabama, Alaska, Alberta, Amur, ArgentinaNortheast, ArgentinaNorthwest, ArgentinaSouth, Arizona, Bermuda, Bolivia, BrazilSouth, BrazilSoutheast, BritishColumbia, California, CapeProvinces, ChathamIs., ChileCentral, ChileSouth, Colombia, Colorado, Connecticut, Cyprus, Delaware, DesventuradosIs., EasterIs., Ecuador, Eritrea, Ethiopia, Florida, FreeState, Guatemala, Hawaii, Honduras, Illinois, Indiana, Iowa, Jamaica, Japan, Jawa, Kamchatka, Kansas, Kentucky, Kenya, KermadecIs., Khabarovsk, Korea, KurilIs., Louisiana, Maine, Manitoba, Marquesas, Maryland, Massachusetts, MexicoCentral, MexicoGulf, MexicoNortheast, MexicoNorthwest, MexicoSoutheast, MexicoSouthwest, Michigan, Minnesota, Mississippi, Missouri, Montana, Nansei-shoto, Nebraska, Nevada, NewBrunswick, NewHampshire, NewJersey, NewMexico, NewSouthWales, NewYork, NewZealandNorth, NewZealandSouth, Newfoundland, NorthDakota, NorthernProvinces, NorthernTerritory, NorthwestTerritorie, NovaScotia, Ohio, Oklahoma, Ontario, Oregon, Pennsylvania, Peru, Philippines, Primorye, PrinceEdwardI., Queensland, Québec, Sakhalin, Saskatchewan, SocietyIs., SouthAustralia, SouthDakota, SouthGeorgia, Tasmania, Tennessee, Texas, Trinidad-Tobago, Uruguay, Utah, Venezuela, Vermont, Victoria, Virginia, Washington, WestVirginia, WesternAustralia, Wisconsin, Wyoming, Yukon, Zimbabwe"
Persicaria hydropiper,"Alabama, Alaska, Arkansas, BritishColumbia, California, ChileCentral, ChileSouth, Colorado, Connecticut, Delaware, DistrictofColumbia, Florida, Georgia, Idaho, Illinois, Indiana, Iowa, Kansas, Kentucky, KwaZulu-Natal, Louisiana, Maine, Manitoba, Maryland, Massachusetts, Michigan, Minnesota, Mississippi, Missouri, Montana, Nebraska, Nevada, NewBrunswick, NewHampshire, NewJersey, NewMexico, NewYork, NewZealandNorth, Newfoundland, NorthCarolina, NorthDakota, NorthernProvinces, NovaScotia, Ohio, Oklahoma, Ontario, Oregon, Pennsylvania, PrinceEdwardI., Québec, RhodeI., SouthCarolina, SouthDakota, Tennessee, Texas, Utah, Vermont, Virginia, Washington, WestVirginia, Wisconsin, Wyoming"
Hypericum perforatum,"Alabama, ArgentinaNortheast, ArgentinaSouth, Arkansas, BrazilSoutheast, BritishColumbia, Buryatiya, California, CapeProvinces, ChileSouth, Colorado, Connecticut, Cuba, Delaware, DistrictofColumbia, Haiti, Hawaii, Idaho, Illinois, Indiana, Iowa, Irkutsk, Japan, JuanFernándezIs., Kansas, Kentucky, Korea, Lesotho, Maine, Manitoba, Maryland, Massachusetts, Michigan, Minnesota, Missouri, Montana, Nebraska, Nevada, NewBrunswick, NewHampshire, NewJersey, NewMexico, NewSouthWales, NewYork, NewZealandNorth, NewZealandSouth, Newfoundland, NorthCarolina, NorthDakota, NovaScotia, Ohio, Oklahoma, Ontario, Oregon, Pennsylvania, PrinceEdwardI., Québec, RhodeI., Réunion, SouthAustralia, SouthCarolina, SouthDakota, Tennessee, Texas, Uruguay, Vermont, Victoria, Virginia, Washington, WestVirginia, WesternAustralia, Wisconsin, Wyoming"
Malva sylvestris,"Alabama, Alberta, Amsterdam-St.PaulIs, Amur, Angola, ArgentinaNortheast, ArgentinaNorthwest, ArgentinaSouth, Assam, Bangladesh, BrazilSouth, BritishColumbia, California, CapeProvinces, ChileCentral, ChileNorth, Chita, Colorado, Connecticut, Delaware, DistrictofColumbia, DominicanRepublic, Ecuador, Eritrea, Guatemala, Honduras, Idaho, Illinois, Indiana, Iowa, Irkutsk, Japan, Kansas, Kentucky, Korea, Louisiana, Maine, Manitoba, Maryland, Massachusetts, MexicoNorthwest, MexicoSouthwest, Michigan, Minnesota, Missouri, Montana, Nebraska, Nepal, NewBrunswick, NewHampshire, NewJersey, NewMexico, NewYork, NewZealandNorth, NorthCarolina, NorthDakota, NovaScotia, Ohio, Ontario, Oregon, Pakistan, Pennsylvania, Peru, Primorye, Québec, RhodeI., Réunion, Sakhalin, Saskatchewan, SouthCarolina, SouthDakota, Tennessee, Texas, Uruguay, Utah, Venezuela, Vermont, Virginia, Washington, WestSiberia, WestVirginia, Wisconsin, Wyoming, Zimbabwe"
Mentha aquatica,"ArgentinaNortheast, ArgentinaNorthwest, Bermuda, Bolivia, BrazilSouth, ChileCentral, ChileNorth, CostaRica, Iceland, Illinois, JuanFernándezIs., MexicoNorthwest, NewYork, St.Helena, Trinidad-Tobago"
Matricaria chamomilla,"Alabama, Alberta, Arizona, Arkansas, Baleares, BalticStates, Bolivia, BritishColumbia, California, Colombia, Connecticut, Corse, CostaRica, Cuba, DistrictofColumbia, DominicanRepublic, Ecuador, ElSalvador, Ethiopia, Greenland, Guatemala, GulfStates, Honduras, Illinois, Indiana, Iowa, Ireland, Jawa, JuanFernándezIs., Kansas, Kentucky, Magadan, Maine, Mali, Manitoba, Maryland, Massachusetts, MexicoSoutheast, Michigan, Minnesota, Mississippi, Missouri, NewJersey, NewSouthWales, NewYork, Newfoundland, Nicaragua, NorthDakota, NorthEuropeanRussi, NovaScotia, Ohio, Ontario, Oregon, Paraguay, Pennsylvania, Peru, Poland, Primorye, Québec, RhodeI., Saskatchewan, SouthAustralia, Tennessee, Texas, Tunisia, Uruguay, Utah, Vermont, Virginia, Washington, Wisconsin"
Cirsium arvense,"Alabama, Alaska, Alberta, ArgentinaNortheast, ArgentinaNorthwest, ArgentinaSouth, Arizona, Arkansas, BritishColumbia, California, CapeProvinces, ChathamIs., ChileCentral, ChileNorth, ChileSouth, Colorado, Connecticut, Delaware, DistrictofColumbia, FalklandIs., Georgia, Greenland, Iceland, Idaho, Illinois, Indiana, Iowa, Kansas, Kentucky, Labrador, Maine, Manitoba, Maryland, Massachusetts, Michigan, Minnesota, Missouri, Montana, Nebraska, Nevada, NewBrunswick, NewHampshire, NewJersey, NewMexico, NewSouthWales, NewYork, NewZealandNorth, NewZealandSouth, Newfoundland, NorthCarolina, NorthDakota, NorthernProvinces, NorthernTerritory, NorthwestTerritorie, NovaScotia, Nunavut, Ohio, Oklahoma, Ontario, Oregon, Paraguay, Pennsylvania, PrinceEdwardI., Queensland, Québec, RhodeI., Saskatchewan, SouthAustralia, SouthDakota, Tasmania, Tennessee, Texas, Uruguay, Utah, Vermont, Victoria, Virginia, Washington, WestVirginia, WesternAustralia, Wisconsin, Wyoming, Yukon"
Tripleurospermum inodorum,"Alabama, Alaska, Alberta, Amur, Azores, Bolivia, Borneo, BritishColumbia, California, ChathamIs., ChinaSoutheast, Colorado, Connecticut, Florida, Greenland, Idaho, Illinois, Iowa, Jawa, Kamchatka, Kansas, Kentucky, Khabarovsk, Korea, KurilIs., Labrador, Magadan, Maine, Malaya, Manchuria, Manitoba, Maryland, Massachusetts, Michigan, Minnesota, Missouri, Montana, Nebraska, Nevada, NewBrunswick, NewHampshire, NewJersey, NewSouthWales, NewYork, NewZealandNorth, NewZealandSouth, Newfoundland, NorthDakota, NorthwestTerritorie, NovaScotia, Ohio, Ontario, Oregon, Pennsylvania, Philippines, Primorye, PrinceEdwardI., Québec, Sakhalin, Saskatchewan, SouthDakota, Sulawesi, Sumatera, Tasmania, Uruguay, Utah, Victoria, Washington, Wisconsin, Wyoming, Yukon"
Plantago coronopus,"Alabama, Austria, BrazilSouth, BritishColumbia, California, CapeProvinces, ChileCentral, Czechoslovakia, Greenland, Hungary, Manitoba, Massachusetts, NewJersey, NewYork, NewZealandNorth, Oregon, Pennsylvania, Texas, Uruguay, Washington"
Symphytum officinale,"Alberta, ArgentinaNortheast, Arkansas, BalticStates, BrazilWest-Central, BritishColumbia, California, ChinaNorth-Central, ChinaSoutheast, Chita, Colorado, Connecticut, Delaware, Denmark, DistrictofColumbia, DominicanRepublic, Finland, Georgia, Haiti, Idaho, Illinois, Indiana, Ireland, Kentucky, Korea, Maine, Manchuria, Manitoba, Maryland, Massachusetts, Michigan, Minnesota, Missouri, Montana, NewBrunswick, NewHampshire, NewJersey, NewMexico, NewYork, Newfoundland, NorthCarolina, NorthEuropeanRussi, Norway, NovaScotia, Ohio, Ontario, Oregon, Pennsylvania, Primorye, Québec, RhodeI., Saskatchewan, Sweden, Taiwan, Utah, Vermont, Vietnam, Virginia, Washington, WestVirginia, Wisconsin, Wyoming, Xinjiang"
Anthoxanthum odoratum,"Alabama, Alaska, AleutianIs., Amsterdam-St.PaulIs, AntipodeanIs., ArgentinaNortheast, ArgentinaSouth, Arkansas, Assam, Bolivia, BrazilSouth, BrazilSoutheast, BritishColumbia, California, CapeProvinces, ChathamIs., ChileCentral, ChileSouth, ChinaSoutheast, Colombia, Colorado, Connecticut, CostaRica, Delaware, DistrictofColumbia, DominicanRepublic, EastHimalaya, Ecuador, FalklandIs., Georgia, Greenland, Haiti, Hawaii, Idaho, Illinois, Indiana, Jamaica, Japan, JuanFernándezIs., Kentucky, Kerguelen, KermadecIs., Korea, KurilIs., KwaZulu-Natal, Louisiana, MacquarieIs., Madagascar, Maine, Marquesas, Maryland, Massachusetts, MexicoCentral, MexicoNortheast, MexicoSoutheast, MexicoSouthwest, Michigan, Mississippi, Missouri, NewBrunswick, NewHampshire, NewJersey, NewMexico, NewSouthWales, NewYork, NewZealandNorth, NewZealandSouth, Newfoundland, NorfolkIs., NorthCarolina, NorthernProvinces, NovaScotia, Ohio, Ontario, Oregon, Pakistan, Pennsylvania, Peru, PrinceEdwardI., Queensland, Québec, RhodeI., Réunion, Sakhalin, SouthAustralia, SouthCarolina, SouthGeorgia, SriLanka, St.Helena, Taiwan, Tasmania, Tennessee, Texas, TristandaCunha, Uruguay, Venezuela, Vermont, Victoria, Virginia, Washington, WestHimalaya, WestVirginia, WesternAustralia, Wisconsin"
Alopecurus myosuroides,"Alabama, ArgentinaNortheast, ArgentinaSouth, Austria, Azores, BalticStates, California, CentralEuropeanRus, ChileSouth, Czechoslovakia, Delaware, Denmark, DistrictofColumbia, Germany, Hungary, Kansas, Kentucky, Korea, Louisiana, Maine, Manitoba, Maryland, Massachusetts, Michigan, Mississippi, NewJersey, NewMexico, NewSouthWales, NewYork, NorthCarolina, NorthwestEuropeanR, Norway, Ohio, Oregon, Pennsylvania, Poland, Primorye, RhodeI., Sardegna, Senegal, SouthAustralia, SouthCarolina, Sweden, Switzerland, Taiwan, Tasmania, Texas, Ukraine, Virginia, Washington, WestVirginia, WesternAustralia"
Clematis vitalba,"Bermuda, BritishColumbia, Cyprus, Denmark, Ireland, Maine, NewZealandNorth, NewZealandSouth, Ontario, Oregon, Poland, SouthAustralia, Sweden, Tasmania, Uzbekistan, Victoria, Washington"
Myosotis scorpioides,"Alaska, ArgentinaSouth, Arizona, Arkansas, Assam, Bolivia, BritishColumbia, California, ChileCentral, ChileSouth, Colorado, Connecticut, Delaware, DistrictofColumbia, Ecuador, Georgia, Guatemala, Idaho, Illinois, India, Indiana, Jawa, Kentucky, Louisiana, Maine, Manitoba, Maryland, Massachusetts, Michigan, Minnesota, Mississippi, Missouri, Montana, Nevada, NewBrunswick, NewHampshire, NewJersey, NewMexico, NewYork, Newfoundland, NorthCarolina, NovaScotia, Ohio, Ontario, Oregon, Pennsylvania, PrinceEdwardI., Québec, RhodeI., Réunion, SouthDakota, Tennessee, Trinidad-Tobago, Utah, Vermont, Virginia, Washington, WestVirginia, Wisconsin, Wyoming, Yukon"
Crataegus monogyna,"ArgentinaSouth, BritishColumbia, California, CapeProvinces, Colorado, Connecticut, Delaware, FreeState, Illinois, Indiana, Kentucky, Madeira, Maine, Massachusetts, Michigan, Minnesota, NewBrunswick, NewHampshire, NewJersey, NewSouthWales, NewYork, NewZealandNorth, NewZealandSouth, NovaScotia, Ohio, Ontario, Oregon, Pennsylvania, PrinceEdwardI., Queensland, Québec, RhodeI., SouthAustralia, Tasmania, Vermont, Victoria, Washington, Wisconsin"
Tanacetum vulgare,"Alaska, Alberta, Arizona, Arkansas, Bolivia, BrazilNorth, BrazilNortheast, BrazilSouth, BrazilSoutheast, BrazilWest-Central, BritishColumbia, California, Colombia, Colorado, Connecticut, CookIs., Ecuador, Føroyar, Georgia, Iceland, Idaho, Illinois, Indiana, Iowa, Ireland, Kansas, Kentucky, Labrador, Louisiana, Maine, Manitoba, Maryland, Massachusetts, Mauritius, Michigan, Minnesota, Missouri, Montana, Nebraska, Nevada, NewBrunswick, NewHampshire, NewJersey, NewMexico, NewSouthWales, NewYork, Newfoundland, NorthCarolina, NorthDakota, NorthwestTerritorie, NovaScotia, Ohio, Oklahoma, Ontario, Oregon, Panamá, Paraguay, Pennsylvania, Peru, PrinceEdwardI., Queensland, Québec, RhodeI., Réunion, Saskatchewan, SouthAustralia, SouthDakota, Tasmania, Tennessee, Trinidad-Tobago, TubuaiIs., Uruguay, Utah, Venezuela, Vermont, Victoria, Virginia, Washington, WestVirginia, Wisconsin, Wyoming"
Pinus pinaster,"Albania, Belgium, CanaryIs., GreatBritain, Greece, Madeira, NewSouthWales, Réunion, St.Helena, Tasmania, TristandaCunha, Turkey, Turkey-in-Europe, Victoria, WesternAustralia, Yugoslavia"
Ulex europaeus,"AntipodeanIs., ArgentinaNortheast, ArgentinaSouth, Ascension, Austria, Azores, Bangladesh, BrazilSouth, BrazilSoutheast, California, CanaryIs., CapeProvinces, ChathamIs., Colombia, CostaRica, Czechoslovakia, Denmark, EastHimalaya, Ecuador, FalklandIs., Haiti, India, Jamaica, Japan, Jawa, Krym, KwaZulu-Natal, Madagascar, Mauritius, NewSouthWales, NewYork, NewZealandNorth, NewZealandSouth, Norway, Oregon, Panamá, Queensland, Réunion, SouthAustralia, SriLanka, St.Helena, Sweden, Tanzania, Tasmania, Transcaucasus, Ukraine, Uruguay, Victoria, WestHimalaya, WesternAustralia"
Miconia calvescens,"Hawaii, Jamaica, SocietyIs., SriLanka"
Geranium robertianum,"Alaska, ArgentinaNortheast, ArgentinaNorthwest, Arkansas, Bermuda, Bolivia, BrazilSouth, BrazilSoutheast, ChileCentral, ChileSouth, DominicanRepublic, FalklandIs., Haiti, Illinois, Japan, JuanFernándezIs., Kentucky, Madagascar, Malaya, NewYork, NewZealandNorth, NewZealandSouth, Réunion, Taiwan, Tennessee, Uruguay"
Jacobaea vulgaris,"BritishColumbia, California, ChathamIs., Idaho, Illinois, KermadecIs., Maine, Massachusetts, Michigan, Montana, NewBrunswick, NewJersey, NewSouthWales, NewYork, NewZealandNorth, NewZealandSouth, Newfoundland, NovaScotia, Ontario, Oregon, Pennsylvania, PrinceEdwardI., Québec, SouthAustralia, Tasmania, Victoria, Washington, WesternAustralia"
Calystegia sepium spp. sepium,"Alabama, Alberta, ArgentinaNortheast, ArgentinaSouth, BrazilNorth, BrazilSouth, BrazilSoutheast, BritishColumbia, California, CapeProvinces, ChathamIs., ChileCentral, ChileSouth, Colorado, Connecticut, Delaware, DistrictofColumbia, EasterIs., Florida, Georgia, Idaho, Illinois, Iowa, Japan, Kentucky, KermadecIs., Korea, KurilIs., Maine, Manitoba, Maryland, Massachusetts, Michigan, Minnesota, Missouri, Montana, Nebraska, NewBrunswick, NewHampshire, NewJersey, NewSouthWales, NewYork, NewZealandNorth, NewZealandSouth, Newfoundland, NorthCarolina, NorthDakota, NovaScotia, Ontario, Oregon, Pennsylvania, Peru, PrinceEdwardI., Québec, RhodeI., Saskatchewan, SouthAustralia, SouthCarolina, SouthDakota, Tasmania, Tennessee, Texas, Uruguay, Utah, Vermont, Victoria, Virginia, Washington, WestVirginia, WesternAustralia, Wisconsin, Wyoming"
Sonchus arvensis,"Alaska, Alberta, Assam, BritishColumbia, California, ChathamIs., Colorado, Connecticut, Delaware, Fiji, Guatemala, Idaho, Illinois, India, Indiana, Iowa, Japan, Jawa, Kansas, Kentucky, Maine, Manitoba, Maryland, Massachusetts, Michigan, Minnesota, Mississippi, Missouri, Montana, Nebraska, Nevada, NewBrunswick, NewHampshire, NewJersey, NewYork, Newfoundland, NorthCarolina, NorthDakota, NorthwestTerritorie, NovaScotia, Ohio, Ontario, Oregon, Pennsylvania, PrinceEdwardI., Québec, RhodeI., Saskatchewan, SouthDakota, Tennessee, Utah, Vermont, Vietnam, Virginia, Washington, WestVirginia, Wisconsin, Wyoming, Yukon"
Bromus hordeaceus,"Alabama, Alaska, Alaska, Alberta, Amsterdam-St.PaulIs, ArgentinaNortheast, ArgentinaNorthwest, ArgentinaSouth, Arizona, Arkansas, BrazilSouth, BritishColumbia, California, CapeProvinces, ChathamIs., ChileCentral, ChileSouth, Colorado, Connecticut, CrozetIs., Delaware, DistrictofColumbia, FalklandIs., Føroyar, Greenland, Greenland, Hawaii, Iceland, Idaho, Illinois, Indiana, Iowa, Japan, JuanFernándezIs., Kansas, Kentucky, KermadecIs., Korea, Louisiana, Maine, Maryland, Massachusetts, MexicanPacificIs., MexicoNorthwest, Michigan, Missouri, Montana, Nebraska, Nevada, NewBrunswick, NewHampshire, NewJersey, NewMexico, NewSouthWales, NewYork, NewZealandNorth, NewZealandSouth, Newfoundland, NorfolkIs., NorthCarolina, NorthDakota, NorthEuropeanRussi, NorthernProvinces, NorthwestTerritorie, NovaScotia, Ohio, Oklahoma, Ontario, Oregon, Pennsylvania, Queensland, Québec, RhodeI., SouthAustralia, SouthCarolina, SouthDakota, St.Helena, Taiwan, Tasmania, Tennessee, Texas, Uruguay, Utah, Victoria, Virginia, Washington, WesternAustralia, Wisconsin, Wyoming, Yukon"
Acer platanoides,"GreatBritain, Illinois, Kazakhstan, Kentucky, Minnesota, Netherlands, NewYork, Tennessee, Vermont, WestSiberia"
Vicia cracca,"ArgentinaSouth, CapeProvinces, FalklandIs., Illinois, Minnesota, NewYork, NewZealandNorth, NewZealandSouth, Oregon, SouthAustralia, Vermont, Washington, Wisconsin"
Bolboschoenus maritimus,Indiana
Alnus glutinosa,"ArgentinaNortheast, ArgentinaSouth, Azores, ChileCentral, ChileSouth, Connecticut, FreeState, Illinois, Indiana, Iowa, Kentucky, Massachusetts, Michigan, Minnesota, NewJersey, NewYork, NewZealandNorth, NewZealandSouth, Newfoundland, Ohio, Ontario, Pennsylvania, RhodeI., Vermont, Wisconsin"
Lamium galeobdolon,"Alabama, Illinois, Madeira, Minnesota, NewYork, NewZealandNorth, NewZealandSouth, Pennsylvania, Vermont, Virginia"
Brachypodium sylvaticum,"ArgentinaNortheast, Michigan, NewYork, NewZealandNorth, NewZealandSouth, Ontario, Oregon, Uruguay, Virginia"
Poa compressa,"Alabama, Alaska, Alberta, Altay, Amur, ArgentinaNortheast, ArgentinaSouth, Arizona, Arkansas, BritishColumbia, California, ChileCentral, ChileSouth, Colorado, Connecticut, Delaware, DistrictofColumbia, DominicanRepublic, Georgia, Haiti, Hawaii, Idaho, Illinois, Indiana, Iowa, Ireland, Irkutsk, Jamaica, Japan, Kamchatka, Kansas, Kentucky, Khabarovsk, Korea, Krasnoyarsk, KurilIs., Labrador, Louisiana, Madeira, Magadan, Maine, Manitoba, Maryland, Massachusetts, MexicoCentral, MexicoNortheast, MexicoSouthwest, Michigan, Minnesota, Mississippi, Missouri, Montana, Nebraska, Nevada, NewBrunswick, NewHampshire, NewJersey, NewMexico, NewSouthWales, NewYork, NewZealandNorth, NewZealandSouth, Newfoundland, NorthCarolina, NorthDakota, NorthwestTerritorie, NovaScotia, Ohio, Oklahoma, Ontario, Oregon, Pennsylvania, Peru, Primorye, PrinceEdwardI., Québec, RhodeI., Sakhalin, Saskatchewan, SouthCarolina, SouthDakota, Taiwan, Tasmania, Tennessee, Texas, Utah, Vermont, Virginia, Washington, WestHimalaya, WestSiberia, WestVirginia, Wisconsin, Wyoming, Yukon"
Arrhenatherum elatius,"Alabama, Alaska, AntipodeanIs., ArgentinaNortheast, ArgentinaNorthwest, ArgentinaSouth, Arizona, Arkansas, BrazilSouth, BritishColumbia, California, ChathamIs., ChileCentral, ChileSouth, Colombia, Colorado, Connecticut, CrozetIs., Delaware, DistrictofColumbia, Ecuador, FalklandIs., Georgia, Hawaii, Idaho, Illinois, Indiana, Iowa, Japan, Kamchatka, Kansas, Kentucky, Kerguelen, Korea, KwaZulu-Natal, Louisiana, Maine, Maryland, Massachusetts, MexicoSoutheast, Michigan, Minnesota, Mississippi, Missouri, Montana, Nebraska, Nevada, NewBrunswick, NewHampshire, NewJersey, NewMexico, NewSouthWales, NewYork, NewZealandNorth, NewZealandSouth, Newfoundland, NorthCarolina, NovaScotia, Ohio, Ontario, Oregon, Pennsylvania, Queensland, Québec, RhodeI., Réunion, Sakhalin, SouthAustralia, SouthDakota, SriLanka, Tadzhikistan, Tasmania, Tennessee, Uruguay, Utah, Vermont, Victoria, Virginia, Washington, WestHimalaya, WestVirginia, WesternAustralia, Wisconsin, Wyoming"
Deschampsia cespitosa,"ArgentinaNorthwest, ArgentinaSouth, Bolivia, BrazilSouth, CapeProvinces, ChileCentral, ChileSouth, Hawaii, Lesotho, SouthAustralia, SouthGeorgia"
Elymus repens,"Alaska, Alberta, AntipodeanIs., ArgentinaNortheast, ArgentinaSouth, Arizona, Arkansas, Azores, BritishColumbia, California, California, Cameroon, CanaryIs., CapeProvinces, CarolineIs., ChathamIs., ChileCentral, ChileSouth, Colorado, Connecticut, CrozetIs., Delaware, DistrictofColumbia, FalklandIs., Greenland, Idaho, Illinois, Indiana, Iowa, Japan, Kansas, Kentucky, Kerguelen, Labrador, Madeira, Maine, Manitoba, Marion-PrinceEdward, Maryland, Massachusetts, MexicoCentral, MexicoNortheast, MexicoNorthwest, Michigan, Minnesota, Mississippi, Missouri, Montana, Nebraska, Nevada, NewBrunswick, NewHampshire, NewJersey, NewMexico, NewSouthWales, NewYork, NewZealandNorth, NewZealandSouth, Newfoundland, NorthCarolina, NorthDakota, NorthwestTerritorie, NovaScotia, Nunavut, Ohio, Oklahoma, Ontario, Oregon, Pennsylvania, Peru, PrinceEdwardI., Québec, RhodeI., Saskatchewan, SouthAustralia, SouthDakota, SouthGeorgia, Tasmania, Tennessee, Texas, Utah, Vermont, Victoria, Virginia, Washington, WestVirginia, WesternAustralia, Wisconsin, Wyoming, Yukon, Yukon"
Impatiens glandulifera,"Altay, ArgentinaSouth, Assam, Austria, BalticStates, Bangladesh, Belgium, BritishColumbia, Bulgaria, California, CentralEuropeanRus, Connecticut, Czechoslovakia, Denmark, Ethiopia, Finland, France, Germany, GreatBritain, Hungary, Idaho, Ireland, Irkutsk, Italy, Krasnoyarsk, Krym, Maine, Manitoba, Massachusetts, Michigan, Montana, Netherlands, NewBrunswick, NewYork, NewZealandNorth, NewZealandSouth, Newfoundland, NorthCaucasus, Norway, NovaScotia, Ontario, Oregon, Poland, Primorye, PrinceEdwardI., Québec, Romania, Sakhalin, Spain, Sweden, Switzerland, Tasmania, Ukraine, Vermont, Washington, WestSiberia, Yugoslavia"
Poa trivialis,"Alabama, Alaska, AleutianIs., Amsterdam-St.PaulIs, AntipodeanIs., ArgentinaNortheast, ArgentinaNorthwest, ArgentinaSouth, BritishColumbia, California, ChathamIs., ChileCentral, ChileSouth, Colombia, Colorado, Connecticut, CostaRica, CrozetIs., Delaware, DistrictofColumbia, Ecuador, Georgia, Greenland, Illinois, Indiana, Iowa, Japan, Jawa, Kansas, Kentucky, Kerguelen, Louisiana, Maine, Maryland, Massachusetts, Michigan, Minnesota, Missouri, Montana, Nebraska, Nevada, NewBrunswick, NewHampshire, NewJersey, NewMexico, NewSouthWales, NewYork, NewZealandNorth, NewZealandSouth, Newfoundland, NorthCarolina, NorthernProvinces, NovaScotia, Ohio, Ontario, Oregon, Pennsylvania, Peru, PrinceEdwardI., Québec, RhodeI., Saskatchewan, SouthAustralia, SouthDakota, SouthGeorgia, St.Helena, Taiwan, Tasmania, Tennessee, Texas, TristandaCunha, Utah, Vermont, Victoria, Virginia, Washington, WestVirginia, Wisconsin, Wyoming, Yukon"
Acer pseudoplatanus,"Algeria, ArgentinaSouth, Belgium, CanaryIs., Denmark, GreatBritain, Illinois, Ireland, Kazakhstan, Madeira, Myanmar, Netherlands, NewYork, NewZealandNorth, NewZealandSouth, Sweden, Uzbekistan, Virginia"
Papaver dubium,"Alabama, ArgentinaNortheast, ArgentinaNorthwest, Arkansas, Bermuda, CentralEuropeanRus, ChileSouth, Connecticut, Delaware, DistrictofColumbia, FalklandIs., Greenland, Illinois, India, Kansas, Kentucky, Maryland, Massachusetts, Missouri, NewBrunswick, NewJersey, NewSouthWales, NewYork, NorthCarolina, Ohio, Oklahoma, Ontario, Oregon, Pennsylvania, Queensland, Québec, RhodeI., SouthAustralia, SouthCarolina, Tasmania, Tennessee, Uruguay, Virginia, WestVirginia"
Draba verna,"Alabama, Alberta, ArgentinaNortheast, ArgentinaNorthwest, ArgentinaSouth, Arkansas, BritishColumbia, California, ChileCentral, ChileSouth, Connecticut, Delaware, DistrictofColumbia, Georgia, Idaho, Illinois, Indiana, Iowa, Japan, Kentucky, Maine, Maryland, Massachusetts, Michigan, Mississippi, Missouri, Montana, Nevada, NewBrunswick, NewHampshire, NewJersey, NewSouthWales, NewYork, NewZealandSouth, NorthCarolina, Ohio, Ontario, Oregon, Pennsylvania, Québec, RhodeI., SouthAustralia, SouthCarolina, Tasmania, Tennessee, Utah, Vermont, Victoria, Virginia, Washington, WestVirginia, Wyoming"
Pilosella officinarum,"BritishColumbia, Connecticut, Delaware, Georgia, Kentucky, Labrador, Maine, Maryland, Massachusetts, Michigan, Minnesota, NewBrunswick, NewHampshire, NewJersey, NewYork, Newfoundland, NorthCarolina, NovaScotia, Ohio, Ontario, Oregon, Pennsylvania, Québec, RhodeI., Tennessee, Vermont, Virginia, Washington, WestVirginia"
Helminthotheca echioides,"Alberta, Arizona, Austria, Belgium, California, CapeProvinces, ChathamIs., Connecticut, Denmark, DistrictofColumbia, Ethiopia, FreeState, Germany, GreatBritain, Hungary, Iowa, Ireland, KwaZulu-Natal, Maine, Maryland, Massachusetts, Missouri, Montana, Netherlands, NewBrunswick, NewJersey, NewSouthWales, NewYork, NewZealandNorth, NorthDakota, NorthernProvinces, Norway, Ohio, Ontario, Oregon, Pennsylvania, Poland, Queensland, Romania, Saskatchewan, SouthAustralia, Switzerland, Tasmania, Uruguay, Vermont, Victoria, Virginia, WesternAustralia, Zimbabwe"
Frangula alnus,"CanaryIs., Colorado, Connecticut, Idaho, Illinois, Indiana, Iowa, Kentucky, Maine, Manitoba, Massachusetts, Michigan, Minnesota, Nebraska, NewBrunswick, NewHampshire, NewJersey, NewYork, NovaScotia, Ohio, Ontario, Pennsylvania, Québec, RhodeI., Saskatchewan, Tennessee, Uzbekistan, Vermont, WestVirginia, Wisconsin, Wyoming"
Spergularia rubra,"Alaska, Altay, BritishColumbia, California, CapeProvinces, ChileCentral, Colorado, Connecticut, Delaware, DistrictofColumbia, Idaho, Illinois, Indiana, Kentucky, Kirgizstan, Korea, Maine, Maryland, Massachusetts, Michigan, Minnesota, Montana, Nevada, NewBrunswick, NewHampshire, NewJersey, NewMexico, NewYork, NewZealandNorth, Newfoundland, NovaScotia, Ohio, Ontario, Oregon, Pennsylvania, Portugal, PrinceEdwardI., Québec, RhodeI., Utah, Uzbekistan, Vermont, Virginia, Washington, Wisconsin, Wyoming, Yukon"
Eucalyptus globulus,"Albania, Azores, Baleares, Bangladesh, Bolivia, California, Cambodia, CanaryIs., ChinaSouth-Central, ChinaSoutheast, CostaRica, EastAegeanIs., EasterIs., Ecuador, ElSalvador, Eritrea, Ethiopia, France, FreeState, GreatBritain, Guatemala, India, Ireland, Italy, JuanFernándezIs., Kenya, LeewardIs., LesserSundaIs., Madeira, MexicoSoutheast, MexicoSouthwest, Morocco, NewZealandNorth, NewZealandSouth, Pakistan, Panamá, Paraguay, Peru, Portugal, Rwanda, Sardegna, Sicilia, Spain, Spain, St.Helena, Tanzania, Transcaucasus, Uganda, WindwardIs., Zimbabwe"
Juncus articulatus,"AntipodeanIs., ChathamIs., NewSouthWales, NewZealandNorth, NewZealandSouth, NorfolkIs., Peru, SouthAustralia, TristandaCunha, Victoria, WesternAustralia"
Salix cinerea,"Alabama, Connecticut, DistrictofColumbia, Georgia, Illinois, Iowa, Kentucky, Louisiana, Maryland, Massachusetts, Michigan, Missouri, NewJersey, NewSouthWales, NewYork, NewZealandNorth, NorthCarolina, Ohio, Ontario, Pennsylvania, RhodeI., SouthAustralia, SouthCarolina, SouthDakota, Tasmania, Tennessee, Utah, Victoria, Virginia, WestVirginia, Wisconsin"
Alopecurus pratensis,"Alabama, Alaska, Alberta, Amur, ArgentinaNortheast, ArgentinaSouth, Bermuda, BritishColumbia, California, ChileSouth, Colombia, Colorado, Connecticut, Delaware, DistrictofColumbia, EastHimalaya, Føroyar, Georgia, Greenland, Iceland, Idaho, Illinois, Indiana, Iowa, Japan, Kamchatka, Kansas, Kentucky, Kerguelen, Khabarovsk, Korea, Labrador, Magadan, Maine, Manitoba, Maryland, Massachusetts, Michigan, Minnesota, Missouri, Montana, Nebraska, Nevada, NewBrunswick, NewHampshire, NewJersey, NewMexico, NewSouthWales, NewYork, NewZealandNorth, NewZealandSouth, Newfoundland, NorthDakota, NorthwestTerritorie, NovaScotia, Ohio, Ontario, Oregon, Pennsylvania, Primorye, PrinceEdwardI., Québec, RhodeI., Sakhalin, Saskatchewan, SouthAustralia, SouthDakota, Taiwan, Tasmania, Tennessee, Utah, Vermont, Victoria, Virginia, Washington, WestVirginia, WesternAustralia, Wisconsin, Wyoming, Yukon, Yukon"
Lupinus polyphyllus,"Altay, ArgentinaSouth, Austria, BalticStates, Bangladesh, Belarus, Belgium, Bulgaria, CentralEuropeanRus, ChileSouth, Czechoslovakia, Denmark, EastEuropeanRussia, Finland, France, Germany, Hungary, Illinois, Kazakhstan, Kirgizstan, Krasnoyarsk, Mongolia, Netherlands, NewSouthWales, NewZealandNorth, NewZealandSouth, NorthEuropeanRussi, NorthwestEuropeanR, Norway, Pakistan, Poland, Romania, SouthAustralia, SouthEuropeanRussi, Sweden, Switzerland, Transcaucasus, Ukraine, Victoria, WestSiberia, Yugoslavia"
Silene vulgaris,"Alaska, Alberta, ArgentinaNortheast, ArgentinaSouth, Arizona, Arkansas, BritishColumbia, California, CapeProvinces, ChileCentral, ChileSouth, Colorado, Connecticut, Delaware, DistrictofColumbia, Eritrea, Georgia, Haiti, Idaho, Illinois, Indiana, Iowa, Kansas, Kentucky, Maine, Manitoba, Maryland, Massachusetts, Michigan, Minnesota, Missouri, Montana, Nebraska, NewBrunswick, NewHampshire, NewJersey, NewMexico, NewYork, Newfoundland, NorthCarolina, NorthDakota, NovaScotia, Ohio, Ontario, Oregon, Pennsylvania, PrinceEdwardI., Québec, RhodeI., Saskatchewan, SouthCarolina, SouthDakota, Tennessee, Venezuela, Vermont, Virginia, Washington, WestVirginia, Wisconsin, Wyoming, Yukon"
Rhamnus cathartica,"Alberta, ArgentinaNortheast, Arizona, Colorado, Connecticut, Delaware, Idaho, Illinois, Indiana, Iowa, Kansas, Kentucky, Maine, Manitoba, Maryland, Massachusetts, Michigan, Minnesota, Missouri, Montana, Nebraska, NewBrunswick, NewHampshire, NewJersey, NewYork, NorthCarolina, NorthDakota, NovaScotia, Ohio, Ontario, Pennsylvania, PrinceEdwardI., Québec, RhodeI., Saskatchewan, SouthDakota, Tennessee, Utah, Vermont, Virginia, Washington, WestVirginia, Wisconsin, Wyoming"
Achillea ptarmica,"Alaska, Alberta, Connecticut, Greenland, Iceland, Idaho, Indiana, Jawa, Labrador, Maine, Manitoba, Massachusetts, Michigan, Minnesota, Montana, NewBrunswick, NewHampshire, NewJersey, NewYork, Newfoundland, NovaScotia, Ohio, Ontario, Pennsylvania, PrinceEdwardI., Québec, RhodeI., SouthGeorgia, Vermont, Washington, WestVirginia, Wisconsin"
Myosotis arvensis,"Alberta, ArgentinaNorthwest, ArgentinaSouth, BritishColumbia, CapeProvinces, Colorado, Connecticut, DistrictofColumbia, DominicanRepublic, FalklandIs., Greenland, Haiti, Idaho, Indiana, Kamchatka, Magadan, Maine, Manitoba, Maryland, Massachusetts, Michigan, Minnesota, Montana, NewBrunswick, NewHampshire, NewJersey, NewYork, Newfoundland, NorthCarolina, NovaScotia, Ohio, Ontario, Oregon, Pennsylvania, PrinceEdwardI., Québec, RhodeI., Saskatchewan, SouthCarolina, Taiwan, Vermont, Virginia, Washington, WestVirginia, Wisconsin, Wyoming"
Rumex acetosa,"Alaska, Alberta, AleutianIs., ArgentinaNortheast, ArgentinaSouth, BritishColumbia, Chad, ChileSouth, Connecticut, Haiti, Maine, Manitoba, Massachusetts, Michigan, Minnesota, NewBrunswick, NewHampshire, NewYork, Newfoundland, NovaScotia, Ontario, Oregon, Pennsylvania, Québec, Saskatchewan, Svalbard, Vermont"
Glyceria maxima,"Alaska, BritishColumbia, ChathamIs., Massachusetts, NewSouthWales, NewZealandNorth, NewZealandSouth, Newfoundland, Ontario, Queensland, Québec, Tasmania, Victoria, WesternAustralia, Wisconsin"
Carduus crispus,"BritishColumbia, India, Minnesota, NewBrunswick, NewJersey, NewYork, NovaScotia, Ontario, Pakistan, Pennsylvania, Québec, WestHimalaya"
Fragaria vesca,"ArgentinaNorthwest, Baleares, Bolivia, BrazilSouth, CanaryIs., CapeProvinces, Ecuador, IvoryCoast, Japan, Jawa, Kenya, Malaya, Manchuria, Mauritius, NewGuinea, NewZealandNorth, NewZealandSouth, Newfoundland, NorthernProvinces, Philippines, Rwanda, Réunion, Sumatera, Tanzania, Tennessee, Trinidad-Tobago, Tunisia"
Rumex conglomeratus,"Alabama, ArgentinaNortheast, ArgentinaNorthwest, ArgentinaSouth, Arizona, Arkansas, Azores, Bolivia, BritishColumbia, California, ChileCentral, ChileNorth, ChileSouth, Colombia, CrozetIs., Ecuador, Finland, Georgia, Guatemala, Haiti, Illinois, Indiana, JuanFernándezIs., Kentucky, Kerguelen, Korea, Louisiana, Massachusetts, MexicoNorthwest, Mississippi, Missouri, NewYork, NewZealandNorth, NorfolkIs., NorthCarolina, Norway, Oklahoma, Oman, Oregon, Pennsylvania, Peru, SouthCarolina, Tennessee, Texas, Uruguay, Venezuela, Virginia, Washington, WestVirginia"
Bromus sterilis,"Alabama, ArgentinaNortheast, ArgentinaSouth, Arizona, Arkansas, BalticStates, BritishColumbia, California, ChathamIs., ChileCentral, ChileSouth, ChinaSouth-Central, ChinaSoutheast, Colorado, Connecticut, Delaware, DistrictofColumbia, DominicanRepublic, FalklandIs., Finland, Haiti, Hawaii, Idaho, Illinois, Indiana, Jamaica, Japan, Kentucky, Korea, Madeira, Maryland, Massachusetts, Michigan, Mississippi, Missouri, Nevada, NewJersey, NewMexico, NewSouthWales, NewYork, NewZealandNorth, NewZealandSouth, NorthCarolina, Ohio, Oklahoma, Ontario, Oregon, Pennsylvania, Primorye, RhodeI., Tasmania, Tennessee, Texas, Utah, Victoria, Virginia, Washington, WestVirginia"
Elodea nuttallii,"Austria, Belgium, Bulgaria, ChinaSouth-Central, Czechoslovakia, Denmark, Finland, France, Germany, GreatBritain, Hungary, Iceland, Italy, Japan, Netherlands, Norway, Philippines, Poland, Romania, Sweden, Switzerland, Yugoslavia"
Poa nemoralis,"ArgentinaSouth, ChileCentral, ChileSouth, Greenland, GulfofGuineaIs., Kerguelen, NewZealandNorth, NewZealandSouth, Uruguay"
Filipendula vulgaris,"NewYork, NewZealandNorth, NewZealandSouth, Primorye, Vermont"
Sambucus nigra ssp. nigra,"Algeria, ArgentinaSouth, Bangladesh, BrazilNorth, BrazilNortheast, BrazilSouth, BrazilSoutheast, BrazilWest-Central, ChileCentral, ChileSouth, Connecticut, Cyprus, EastAegeanIs., FalklandIs., Finland, Kriti, Madeira, MexicoCentral, Morocco, NewSouthWales, Norway, Ontario, Pakistan, Pennsylvania, Queensland, SouthAustralia, Sweden, Tasmania, Tunisia, Uzbekistan, Victoria, Virginia"
Bistorta officinalis,"Denmark, Finland, Iceland, Ireland, Maine, Massachusetts, Newfoundland, Norway, NovaScotia, Sweden, Vermont"
Sanguisorba officinalis,"Finland, Peru"
Matricaria discoidea,"Altay, Amur, Austria, Azores, BalticStates, Belarus, Belgium, Bulgaria, Buryatiya, ChathamIs., Czechoslovakia, Denmark, EastEuropeanRussia, Finland, France, Føroyar, Germany, GreatBritain, Greece, Guatemala, Hungary, Iceland, Ireland, Irkutsk, Italy, Japan, Kamchatka, Kazakhstan, Khabarovsk, Kirgizstan, Korea, Krasnoyarsk, Krym, KurilIs., Labrador, LeewardIs., Magadan, Manchuria, MexicoSoutheast, Morocco, Netherlands, NewSouthWales, Newfoundland, NorthCaucasus, NorthwestEuropeanR, Norway, Poland, Portugal, Primorye, Romania, Sakhalin, SouthAustralia, SouthGeorgia, Spain, Sweden, Switzerland, Tadzhikistan, Tasmania, Transcaucasus, Turkey, Tuva, Ukraine, Uzbekistan, Victoria, WestSiberia, WesternAustralia, Yakutskiya, Yugoslavia"
Pulicaria dysenterica,NewYork
Senecio sylvaticus,"BritishColumbia, California, ChathamIs., Hawaii, Louisiana, Massachusetts, Michigan, NewBrunswick, NewJersey, Newfoundland, NovaScotia, Ohio, Oregon, Pennsylvania, PrinceEdwardI., Québec, Washington, Wisconsin"
Juncus inflexus,"Amsterdam-St.PaulIs, Finland, Jawa, Michigan, NewYork, NewZealandNorth, NewZealandSouth, Ontario, Pennsylvania, Québec, SriLanka, Uruguay, Victoria, Vietnam, Virginia"
Avena barbata,"ArgentinaNortheast, ArgentinaNorthwest, ArgentinaSouth, Arizona, Austria, Azores, Bolivia, BrazilSouth, California, CanaryIs., CapeProvinces, ChileCentral, ChileNorth, ChileSouth, Czechoslovakia, Germany, Hawaii, JuanFernándezIs., Krym, Madeira, Massachusetts, MexicanPacificIs., MexicoNorthwest, Montana, Nevada, NewMexico, NewSouthWales, NewZealandNorth, NorfolkIs., Oregon, Peru, SouthAustralia, SriLanka, Tasmania, Uruguay, Victoria, Washington, WesternAustralia"
Veronica chamaedrys,"Alaska, Alberta, ArgentinaNortheast, ArgentinaNorthwest, BritishColumbia, CapeProvinces, Connecticut, DistrictofColumbia, Idaho, Illinois, Indiana, Khabarovsk, KurilIs., Maine, Manchuria, Maryland, Massachusetts, Michigan, Missouri, Montana, NewBrunswick, NewHampshire, NewJersey, NewYork, Newfoundland, NorthCarolina, NovaScotia, Ohio, Ontario, Oregon, Pennsylvania, Primorye, PrinceEdwardI., Québec, RhodeI., Sakhalin, Vermont, Virginia, Washington, WestVirginia, Wisconsin"
Salix fragilis,"Afghanistan, Alaska, Albania, Alberta, Algeria, ArgentinaNortheast, ArgentinaNorthwest, ArgentinaSouth, Arizona, Arkansas, Austria, Azores, Baleares, BalticStates, Belarus, Belgium, BritishColumbia, Bulgaria, California, CanaryIs., CapeProvinces, CentralEuropeanRus, Colorado, Connecticut, Corse, Cyprus, Czechoslovakia, Delaware, Denmark, DistrictofColumbia, EastAegeanIs., EastEuropeanRussia, Egypt, Finland, France, FreeState, Georgia, Germany, GreatBritain, Greece, Hungary, Idaho, Illinois, India, InnerMongolia, Iowa, Iran, Ireland, Italy, Japan, Kazakhstan, Kentucky, Kirgizstan, Korea, Krym, KwaZulu-Natal, Lesotho, Maine, Manchuria, Manitoba, Maryland, Massachusetts, Michigan, Minnesota, Missouri, Mongolia, Nebraska, Nepal, Netherlands, Nevada, NewBrunswick, NewHampshire, NewJersey, NewMexico, NewSouthWales, NewYork, NewZealandNorth, NewZealandSouth, Newfoundland, NorthCaucasus, NorthEuropeanRussi, NorthernTerritory, NorthwestEuropeanR, Norway, NovaScotia, Ohio, Ontario, Oregon, Pakistan, Pennsylvania, Poland, Portugal, Primorye, PrinceEdwardI., Queensland, Québec, RhodeI., Romania, Sardegna, Saskatchewan, Sicilia, SouthAustralia, SouthDakota, SouthEuropeanRussi, Spain, Sweden, Switzerland, Tadzhikistan, Tasmania, Tennessee, Transcaucasus, Turkey-in-Europe, Turkmenistan, Ukraine, Uruguay, Utah, Uzbekistan, Vermont, Victoria, Virginia, Washington, WestVirginia, WesternAustralia, Wisconsin, Wyoming, Yugoslavia"
Malva moschata,"ArgentinaSouth, BalticStates, BritishColumbia, ChileSouth, Connecticut, Delaware, Denmark, DistrictofColumbia, Finland, Hungary, Idaho, Illinois, Indiana, Ireland, Japan, Kentucky, Khabarovsk, KurilIs., Maine, Manitoba, Maryland, Massachusetts, Michigan, Minnesota, Missouri, Montana, NewBrunswick, NewHampshire, NewJersey, NewYork, Newfoundland, NorthCarolina, Norway, NovaScotia, Ohio, Ontario, Oregon, Pennsylvania, PrinceEdwardI., Québec, RhodeI., Sakhalin, Sweden, Tennessee, Vermont, Virginia, Washington, WestSiberia, WestVirginia, Wisconsin, Wyoming"
Geum urbanum,"Idaho, Illinois, Massachusetts, Michigan, NewBrunswick, NewYork, NewZealandNorth, NewZealandSouth, Ohio, Ontario, Oregon, Pennsylvania, Primorye, Québec, RhodeI., Utah, Vermont, Washington, Wisconsin"
Luzula campestris,"Azores, FalklandIs., Kerguelen, Madeira, Massachusetts, NewSouthWales, NewZealandNorth, NewZealandSouth, Newfoundland, Tasmania, Victoria"
Potamogeton natans,NA
Thymus pulegioides,"Connecticut, Delaware, Maine, Manitoba, Maryland, Massachusetts, Michigan, NewBrunswick, NewHampshire, NewYork, NewZealandSouth, Ontario, Oregon, Pennsylvania, Primorye, Québec, Vermont, Virginia, Washington"
Torilis japonica,"BritishColumbia, California, DistrictofColumbia, Haiti, Illinois, Indiana, Iowa, Jawa, Kentucky, Maryland, Massachusetts, Michigan, Minnesota, Mississippi, Missouri, NewJersey, NewYork, NorthCarolina, Ohio, Oklahoma, Ontario, Oregon, Pennsylvania, Québec, Sumatera, Texas, Virginia, WestVirginia, Wisconsin"
Trifolium medium,"Buryatiya, ChinaNorth-Central, FreeState, Irkutsk, Japan, Kamchatka, Krasnoyarsk, Magadan, NewYork, NewZealandNorth, NewZealandSouth, NorthernProvinces, Primorye, Vermont"
Glyceria fluitans,"Arkansas, California, ChileCentral, ChileSouth, Colombia, Ecuador, Hawaii, Idaho, Irkutsk, Maryland, Massachusetts, MexicoCentral, MexicoNortheast, MexicoSouthwest, NewYork, NewZealandNorth, NewZealandSouth, Newfoundland, NovaScotia, Pennsylvania, Peru, SouthDakota, Tasmania, Tennessee, Tuva"
Holcus mollis,"Azores, BritishColumbia, California, ChathamIs., Colombia, CrozetIs., Delaware, Finland, Idaho, Kerguelen, Madeira, NewHampshire, NewSouthWales, NewYork, NewZealandSouth, Newfoundland, NorthCarolina, Oregon, Pennsylvania, SriLanka, Tasmania, Vermont, Victoria, Washington"
Vicia sepium,"FalklandIs., India, Irkutsk, Khabarovsk, Korea, Magadan, Mongolia, NewYork, Primorye, Sakhalin, Tuva, Vermont, WestVirginia, Yakutskiya"
Danthonia decumbens,"BritishColumbia, California, ChathamIs., CostaRica, NewZealandNorth, NewZealandSouth, Newfoundland, NovaScotia, Oregon, Réunion, St.Helena, Tasmania, Victoria, Washington"
Gnaphalium uliginosum,"Bangladesh, Kamchatka, KurilIs., Magadan, Sakhalin"
Carex nigra,SouthGeorgia
Potentilla verna,NA
Scrophularia auriculata,"CanaryIs., ChileCentral, NewYork"
Primula elatior,"Finland, Norway"
Pimpinella saxifraga,"Buryatiya, Connecticut, Delaware, Indiana, Kamchatka, Korea, Maine, Maryland, Massachusetts, Michigan, Minnesota, Montana, NewBrunswick, NewJersey, NewYork, Newfoundland, NovaScotia, Ohio, Ontario, Pennsylvania, Primorye, Québec, Vermont, Virginia, Washington, WestVirginia, Wisconsin"
Filipendula ulmaria,"Colorado, Illinois, Minnesota, NewYork, Québec, Vermont"
Carlina vulgaris,"NewJersey, NewYork"
Pinus halepensis,"ArgentinaNortheast, CanaryIs., CapeProvinces, FreeState, Lesotho, Madeira, NewZealandSouth, Portugal, SouthAustralia, Victoria"
Ehrharta stipoides,"EasterIs., Hawaii, KwaZulu-Natal, Madagascar, Réunion, SriLanka"
